id,class_id
00019_Black_Footed_Albatross_0042_796071.jpg,39
00060_Black_Footed_Albatross_0081_426.jpg,85
00021_Black_Footed_Albatross_0060_796076.jpg,39
00008_Black_Footed_Albatross_0051_796103.jpg,119
00043_Black_Footed_Albatross_0038_212.jpg,7
00015_Black_Footed_Albatross_0040_796066.jpg,52
00029_Black_Footed_Albatross_0026_796095.jpg,85
00052_Black_Footed_Albatross_0088_796133.jpg,71
00039_Black_Footed_Albatross_0001_796111.jpg,141
00079_Laysan_Albatross_0080_821.jpg,144
00120_Laysan_Albatross_0051_1020.jpg,73
00081_Laysan_Albatross_0013_910.jpg,55
00068_Laysan_Albatross_0053_543.jpg,70
00103_Laysan_Albatross_0037_699.jpg,39
00075_Laysan_Albatross_0005_565.jpg,85
00089_Laysan_Albatross_0088_883.jpg,186
00112_Laysan_Albatross_0021_737.jpg,104
00099_Laysan_Albatross_0039_924.jpg,60
00143_Sooty_Albatross_0021_796339.jpg,71
00139_Sooty_Albatross_0024_1161.jpg,152
00178_Sooty_Albatross_0013_796402.jpg,71
00141_Sooty_Albatross_0073_1171.jpg,13
00128_Sooty_Albatross_0063_1101.jpg,49
00163_Sooty_Albatross_0065_796367.jpg,49
00135_Sooty_Albatross_0048_1130.jpg,85
00149_Sooty_Albatross_0049_796350.jpg,142
00172_Sooty_Albatross_0079_796389.jpg,2
00159_Sooty_Albatross_0025_796361.jpg,22
00197_Groove_Billed_Ani_0007_1615.jpg,62
00238_Groove_Billed_Ani_0012_1784.jpg,186
00199_Groove_Billed_Ani_0029_1620.jpg,157
00186_Groove_Billed_Ani_0017_1561.jpg,42
00221_Groove_Billed_Ani_0004_1528.jpg,3
00193_Groove_Billed_Ani_0109_1592.jpg,168
00207_Groove_Billed_Ani_0053_1672.jpg,120
00230_Groove_Billed_Ani_0006_1763.jpg,151
00217_Groove_Billed_Ani_0074_1730.jpg,12
00261_Crested_Auklet_0052_794952.jpg,153
00257_Crested_Auklet_0001_794941.jpg,120
00282_Crested_Auklet_0048_1791.jpg,71
00259_Crested_Auklet_0074_794949.jpg,4
00246_Crested_Auklet_0044_1825.jpg,107
00253_Crested_Auklet_0032_794931.jpg,7
00267_Crested_Auklet_0073_785248.jpg,143
00277_Crested_Auklet_0070_785261.jpg,100
00305_Least_Auklet_0060_795095.jpg,71
00301_Least_Auklet_0052_795088.jpg,32
00303_Least_Auklet_0010_795092.jpg,89
00290_Least_Auklet_0026_795066.jpg,123
00297_Least_Auklet_0020_795080.jpg,62
00311_Least_Auklet_0004_795112.jpg,143
00321_Least_Auklet_0054_795130.jpg,55
00342_Parakeet_Auklet_0045_795953.jpg,113
00376_Parakeet_Auklet_0024_2045.jpg,4
00344_Parakeet_Auklet_0039_795955.jpg,190
00331_Parakeet_Auklet_0007_795932.jpg,54
00366_Parakeet_Auklet_0003_795982.jpg,105
00338_Parakeet_Auklet_0036_795943.jpg,49
00352_Parakeet_Auklet_0067_795964.jpg,100
00375_Parakeet_Auklet_0078_2004.jpg,21
00362_Parakeet_Auklet_0074_795976.jpg,24
00395_Rhinoceros_Auklet_0032_797516.jpg,89
00424_Rhinoceros_Auklet_0039_2174.jpg,143
00397_Rhinoceros_Auklet_0031_797518.jpg,29
00384_Rhinoceros_Auklet_0037_797499.jpg,121
00419_Rhinoceros_Auklet_0048_2162.jpg,60
00391_Rhinoceros_Auklet_0051_797510.jpg,71
00405_Rhinoceros_Auklet_0046_797532.jpg,39
00415_Rhinoceros_Auklet_0010_797545.jpg,49
00447_Brewer_Blackbird_0137_2680.jpg,95
00443_Brewer_Blackbird_0090_2658.jpg,90
00483_Brewer_Blackbird_0004_2345.jpg,43
00445_Brewer_Blackbird_0017_2668.jpg,59
00432_Brewer_Blackbird_0035_2611.jpg,71
00467_Brewer_Blackbird_0115_2279.jpg,130
00439_Brewer_Blackbird_0054_2631.jpg,12
00453_Brewer_Blackbird_0016_2225.jpg,68
00476_Brewer_Blackbird_0097_2322.jpg,161
00463_Brewer_Blackbird_0061_2270.jpg,62
00502_Red_Winged_Blackbird_0061_4196.jpg,62
00543_Red_Winged_Blackbird_0078_5372.jpg,84
00504_Red_Winged_Blackbird_0101_6244.jpg,22
00491_Red_Winged_Blackbird_0005_5636.jpg,32
00526_Red_Winged_Blackbird_0039_4285.jpg,84
00498_Red_Winged_Blackbird_0064_4936.jpg,84
00512_Red_Winged_Blackbird_0013_5762.jpg,79
00535_Red_Winged_Blackbird_0085_5846.jpg,78
00522_Red_Winged_Blackbird_0045_4526.jpg,71
00562_Rusty_Blackbird_0122_6736.jpg,22
00603_Rusty_Blackbird_0082_6906.jpg,108
00564_Rusty_Blackbird_0073_6744.jpg,39
00551_Rusty_Blackbird_0043_2597.jpg,42
00586_Rusty_Blackbird_0094_6582.jpg,33
00558_Rusty_Blackbird_0051_6715.jpg,106
00572_Rusty_Blackbird_0026_6768.jpg,71
00595_Rusty_Blackbird_0033_6879.jpg,33
00582_Rusty_Blackbird_0105_6937.jpg,33
00622_Yellow_Headed_Blackbird_0109_8271.jpg,77
00659_Yellow_Headed_Blackbird_0035_8447.jpg,38
00624_Yellow_Headed_Blackbird_0079_8535.jpg,18
00611_Yellow_Headed_Blackbird_0086_8487.jpg,159
00646_Yellow_Headed_Blackbird_0098_8367.jpg,50
00618_Yellow_Headed_Blackbird_0088_8257.jpg,122
00632_Yellow_Headed_Blackbird_0042_8574.jpg,85
00655_Yellow_Headed_Blackbird_0084_8435.jpg,177
00642_Yellow_Headed_Blackbird_0038_8689.jpg,15
00678_Bobolink_0065_9375.jpg,12
00719_Bobolink_0047_9204.jpg,25
00680_Bobolink_0119_10430.jpg,84
00667_Bobolink_0033_10809.jpg,45
00702_Bobolink_0064_10092.jpg,92
00674_Bobolink_0120_10859.jpg,36
00688_Bobolink_0071_9503.jpg,177
00711_Bobolink_0106_9126.jpg,168
00698_Bobolink_0027_10569.jpg,144
00738_Indigo_Bunting_0015_12632.jpg,169
00779_Indigo_Bunting_0074_12829.jpg,87
00740_Indigo_Bunting_0080_13416.jpg,69
00727_Indigo_Bunting_0028_12335.jpg,21
00762_Indigo_Bunting_0026_11964.jpg,166
00734_Indigo_Bunting_0084_11848.jpg,4
00748_Indigo_Bunting_0022_12781.jpg,138
00771_Indigo_Bunting_0065_14558.jpg,160
00758_Indigo_Bunting_0034_12464.jpg,127
00802_Lazuli_Bunting_0035_14920.jpg,26
00798_Lazuli_Bunting_0010_14915.jpg,24
00837_Lazuli_Bunting_0048_14844.jpg,118
00800_Lazuli_Bunting_0076_14662.jpg,166
00787_Lazuli_Bunting_0085_14627.jpg,12
00822_Lazuli_Bunting_0105_15017.jpg,12
00794_Lazuli_Bunting_0009_15163.jpg,12
00808_Lazuli_Bunting_0032_14778.jpg,32
00831_Lazuli_Bunting_0042_14820.jpg,65
00818_Lazuli_Bunting_0086_14992.jpg,42
00860_Painted_Bunting_0005_15202.jpg,98
00856_Painted_Bunting_0091_15198.jpg,172
00895_Painted_Bunting_0002_16887.jpg,169
00858_Painted_Bunting_0016_15200.jpg,27
00845_Painted_Bunting_0061_16930.jpg,19
00880_Painted_Bunting_0027_16536.jpg,163
00852_Painted_Bunting_0058_16719.jpg,187
00866_Painted_Bunting_0098_15226.jpg,147
00889_Painted_Bunting_0083_16587.jpg,12
00876_Painted_Bunting_0029_16530.jpg,163
00918_Cardinal_0025_17239.jpg,121
00914_Cardinal_0022_17233.jpg,104
00952_Cardinal_0002_18424.jpg,27
00916_Cardinal_0019_17368.jpg,81
00903_Cardinal_0103_17425.jpg,96
00938_Cardinal_0062_17334.jpg,93
00910_Cardinal_0066_17803.jpg,107
00924_Cardinal_0050_18035.jpg,34
00947_Cardinal_0057_17128.jpg,130
00934_Cardinal_0084_17576.jpg,0
00975_Spotted_Catbird_0029_796825.jpg,163
00971_Spotted_Catbird_0040_796820.jpg,166
00997_Spotted_Catbird_0035_796799.jpg,163
00973_Spotted_Catbird_0003_796822.jpg,157
00960_Spotted_Catbird_0041_796807.jpg,83
00967_Spotted_Catbird_0011_796815.jpg,163
00981_Spotted_Catbird_0005_19411.jpg,17
00991_Spotted_Catbird_0023_796793.jpg,168
01020_Gray_Catbird_0141_21174.jpg,169
01016_Gray_Catbird_0102_20644.jpg,93
01056_Gray_Catbird_0129_20987.jpg,178
01018_Gray_Catbird_0060_20656.jpg,161
01005_Gray_Catbird_0013_20562.jpg,13
01040_Gray_Catbird_0125_19833.jpg,96
01012_Gray_Catbird_0022_19585.jpg,4
01026_Gray_Catbird_0001_20695.jpg,157
01049_Gray_Catbird_0090_21464.jpg,163
01036_Gray_Catbird_0139_21281.jpg,163
01079_Yellow_Breasted_Chat_0058_21864.jpg,94
01075_Yellow_Breasted_Chat_0091_22111.jpg,185
01115_Yellow_Breasted_Chat_0013_22008.jpg,159
01077_Yellow_Breasted_Chat_0002_21819.jpg,103
01064_Yellow_Breasted_Chat_0048_21797.jpg,24
01099_Yellow_Breasted_Chat_0087_21695.jpg,106
01071_Yellow_Breasted_Chat_0095_21832.jpg,99
01085_Yellow_Breasted_Chat_0065_22137.jpg,162
01108_Yellow_Breasted_Chat_0017_21719.jpg,13
01095_Yellow_Breasted_Chat_0041_21683.jpg,168
01134_Eastern_Towhee_0126_22639.jpg,13
01175_Eastern_Towhee_0079_22690.jpg,80
01136_Eastern_Towhee_0017_22138.jpg,183
01123_Eastern_Towhee_0068_22194.jpg,2
01158_Eastern_Towhee_0015_22275.jpg,128
01130_Eastern_Towhee_0093_22621.jpg,68
01144_Eastern_Towhee_0098_22676.jpg,29
01167_Eastern_Towhee_0040_22341.jpg,83
01154_Eastern_Towhee_0031_22233.jpg,77
01194_Chuck_Will_Widow_0046_796966.jpg,159
01231_Chuck_Will_Widow_0054_22782.jpg,128
01196_Chuck_Will_Widow_0008_796968.jpg,98
01183_Chuck_Will_Widow_0009_796955.jpg,38
01218_Chuck_Will_Widow_0051_796991.jpg,96
01190_Chuck_Will_Widow_0015_796962.jpg,113
01204_Chuck_Will_Widow_0040_796976.jpg,187
01227_Chuck_Will_Widow_0043_797001.jpg,186
01214_Chuck_Will_Widow_0006_796986.jpg,178
01254_Brandt_Cormorant_0001_23398.jpg,39
01250_Brandt_Cormorant_0013_23391.jpg,39
01290_Brandt_Cormorant_0062_23038.jpg,41
01252_Brandt_Cormorant_0044_22884.jpg,141
01239_Brandt_Cormorant_0016_23077.jpg,39
01274_Brandt_Cormorant_0075_22970.jpg,7
01246_Brandt_Cormorant_0074_22881.jpg,33
01260_Brandt_Cormorant_0022_23157.jpg,52
01283_Brandt_Cormorant_0073_23259.jpg,91
01270_Brandt_Cormorant_0015_23198.jpg,0
01313_Red_Faced_Cormorant_0054_796301.jpg,25
01309_Red_Faced_Cormorant_0035_796294.jpg,7
01342_Red_Faced_Cormorant_0023_796328.jpg,65
01311_Red_Faced_Cormorant_0056_796297.jpg,119
01298_Red_Faced_Cormorant_0002_796275.jpg,39
01333_Red_Faced_Cormorant_0047_796330.jpg,118
01305_Red_Faced_Cormorant_0024_796285.jpg,60
01319_Red_Faced_Cormorant_0038_796313.jpg,105
01329_Red_Faced_Cormorant_0030_796325.jpg,105
01361_Pelagic_Cormorant_0037_23889.jpg,39
01402_Pelagic_Cormorant_0061_23548.jpg,60
01363_Pelagic_Cormorant_0100_23894.jpg,83
01350_Pelagic_Cormorant_0063_23515.jpg,99
01385_Pelagic_Cormorant_0041_23763.jpg,8
01357_Pelagic_Cormorant_0017_23875.jpg,141
01371_Pelagic_Cormorant_0002_23680.jpg,23
01394_Pelagic_Cormorant_0098_23783.jpg,186
01381_Pelagic_Cormorant_0018_23880.jpg,61
01421_Bronzed_Cowbird_0087_796223.jpg,25
01462_Bronzed_Cowbird_0016_796245.jpg,76
01423_Bronzed_Cowbird_0073_796226.jpg,13
01410_Bronzed_Cowbird_0030_24103.jpg,105
01445_Bronzed_Cowbird_0005_24173.jpg,18
01417_Bronzed_Cowbird_0001_796219.jpg,122
01431_Bronzed_Cowbird_0020_796237.jpg,34
01454_Bronzed_Cowbird_0019_796242.jpg,98
01441_Bronzed_Cowbird_0086_796259.jpg,178
01481_Shiny_Cowbird_0059_24421.jpg,159
01522_Shiny_Cowbird_0074_24297.jpg,32
01483_Shiny_Cowbird_0051_24438.jpg,44
01470_Shiny_Cowbird_0066_24358.jpg,43
01505_Shiny_Cowbird_0045_796856.jpg,159
01477_Shiny_Cowbird_0067_24392.jpg,106
01491_Shiny_Cowbird_0070_796832.jpg,29
01514_Shiny_Cowbird_0062_24271.jpg,7
01501_Shiny_Cowbird_0034_796849.jpg,89
01545_Brown_Creeper_0089_24841.jpg,186
01541_Brown_Creeper_0032_24800.jpg,106
01581_Brown_Creeper_0121_24574.jpg,177
01543_Brown_Creeper_0002_24838.jpg,161
01530_Brown_Creeper_0103_24632.jpg,125
01565_Brown_Creeper_0072_24977.jpg,63
01537_Brown_Creeper_0063_24724.jpg,59
01551_Brown_Creeper_0065_24464.jpg,44
01574_Brown_Creeper_0100_24502.jpg,4
01561_Brown_Creeper_0056_24452.jpg,23
01600_American_Crow_0139_25186.jpg,43
01641_American_Crow_0059_25599.jpg,18
01602_American_Crow_0131_25706.jpg,96
01589_American_Crow_0002_25122.jpg,71
01624_American_Crow_0047_25397.jpg,91
01596_American_Crow_0011_25151.jpg,61
01610_American_Crow_0080_25220.jpg,28
01633_American_Crow_0110_25541.jpg,103
01620_American_Crow_0081_25837.jpg,33
01660_Fish_Crow_0071_25155.jpg,22
01701_Fish_Crow_0016_25854.jpg,60
01662_Fish_Crow_0051_25934.jpg,65
01649_Fish_Crow_0041_25887.jpg,61
01684_Fish_Crow_0079_26030.jpg,43
01656_Fish_Crow_0036_25911.jpg,186
01670_Fish_Crow_0028_25968.jpg,169
01693_Fish_Crow_0047_26070.jpg,62
01680_Fish_Crow_0070_25504.jpg,161
01720_Black_Billed_Cuckoo_0077_26222.jpg,159
01761_Black_Billed_Cuckoo_0007_26320.jpg,159
01722_Black_Billed_Cuckoo_0052_26232.jpg,69
01709_Black_Billed_Cuckoo_0079_26180.jpg,159
01744_Black_Billed_Cuckoo_0093_795316.jpg,42
01716_Black_Billed_Cuckoo_0081_26209.jpg,79
01730_Black_Billed_Cuckoo_0023_26258.jpg,32
01753_Black_Billed_Cuckoo_0046_795328.jpg,70
01740_Black_Billed_Cuckoo_0062_795309.jpg,186
01780_Mangrove_Cuckoo_0010_26399.jpg,7
01814_Mangrove_Cuckoo_0017_794623.jpg,98
01782_Mangrove_Cuckoo_0011_26406.jpg,57
01769_Mangrove_Cuckoo_0025_26375.jpg,122
01804_Mangrove_Cuckoo_0026_794609.jpg,49
01776_Mangrove_Cuckoo_0037_26389.jpg,123
01790_Mangrove_Cuckoo_0027_26360.jpg,176
01813_Mangrove_Cuckoo_0019_794621.jpg,198
01800_Mangrove_Cuckoo_0043_794605.jpg,31
01837_Yellow_Billed_Cuckoo_0097_26713.jpg,30
01833_Yellow_Billed_Cuckoo_0034_26694.jpg,97
01873_Yellow_Billed_Cuckoo_0067_26878.jpg,178
01835_Yellow_Billed_Cuckoo_0039_26510.jpg,169
01822_Yellow_Billed_Cuckoo_0078_26888.jpg,29
01857_Yellow_Billed_Cuckoo_0116_26544.jpg,153
01829_Yellow_Billed_Cuckoo_0007_26687.jpg,153
01843_Yellow_Billed_Cuckoo_0053_26738.jpg,9
01866_Yellow_Billed_Cuckoo_0006_26578.jpg,159
01853_Yellow_Billed_Cuckoo_0018_26535.jpg,32
01896_Gray_Crowned_Rosy_Finch_0083_797281.jpg,70
01892_Gray_Crowned_Rosy_Finch_0025_797274.jpg,132
01932_Gray_Crowned_Rosy_Finch_0063_27123.jpg,103
01894_Gray_Crowned_Rosy_Finch_0007_797278.jpg,106
01881_Gray_Crowned_Rosy_Finch_0043_26990.jpg,186
01916_Gray_Crowned_Rosy_Finch_0072_26993.jpg,187
01888_Gray_Crowned_Rosy_Finch_0067_797289.jpg,60
01902_Gray_Crowned_Rosy_Finch_0040_26985.jpg,55
01925_Gray_Crowned_Rosy_Finch_0073_27104.jpg,119
01912_Gray_Crowned_Rosy_Finch_0047_797303.jpg,17
01951_Purple_Finch_0032_27305.jpg,54
01992_Purple_Finch_0036_27641.jpg,147
01953_Purple_Finch_0014_27322.jpg,173
01940_Purple_Finch_0031_28175.jpg,163
01975_Purple_Finch_0113_27547.jpg,146
01947_Purple_Finch_0098_27280.jpg,33
01961_Purple_Finch_0006_27950.jpg,163
01984_Purple_Finch_0118_27604.jpg,115
01971_Purple_Finch_0049_27507.jpg,163
02011_Northern_Flicker_0035_28332.jpg,177
02052_Northern_Flicker_0107_28667.jpg,56
02013_Northern_Flicker_0077_28341.jpg,29
02000_Northern_Flicker_0021_28741.jpg,93
02035_Northern_Flicker_0125_28485.jpg,32
02007_Northern_Flicker_0132_28313.jpg,110
02021_Northern_Flicker_0046_28391.jpg,127
02044_Northern_Flicker_0110_28602.jpg,163
02031_Northern_Flicker_0131_28962.jpg,79
02075_Acadian_Flycatcher_0031_795582.jpg,18
02071_Acadian_Flycatcher_0054_29113.jpg,159
02111_Acadian_Flycatcher_0024_29173.jpg,179
02073_Acadian_Flycatcher_0043_29115.jpg,119
02060_Acadian_Flycatcher_0070_29150.jpg,180
02095_Acadian_Flycatcher_0014_795607.jpg,26
02067_Acadian_Flycatcher_0051_29077.jpg,12
02081_Acadian_Flycatcher_0042_29127.jpg,189
02104_Acadian_Flycatcher_0005_29157.jpg,38
02091_Acadian_Flycatcher_0072_795603.jpg,38
02130_Great_Crested_Flycatcher_0099_29305.jpg,18
02171_Great_Crested_Flycatcher_0036_29693.jpg,153
02132_Great_Crested_Flycatcher_0133_29314.jpg,163
02119_Great_Crested_Flycatcher_0012_29264.jpg,50
02154_Great_Crested_Flycatcher_0107_29501.jpg,30
02126_Great_Crested_Flycatcher_0124_29294.jpg,127
02140_Great_Crested_Flycatcher_0049_29474.jpg,159
02163_Great_Crested_Flycatcher_0064_29546.jpg,85
02150_Great_Crested_Flycatcher_0044_29995.jpg,168
02194_Least_Flycatcher_0044_30349.jpg,96
02190_Least_Flycatcher_0052_30321.jpg,27
02230_Least_Flycatcher_0018_30462.jpg,17
02192_Least_Flycatcher_0100_30338.jpg,55
02179_Least_Flycatcher_0079_30256.jpg,156
02214_Least_Flycatcher_0070_30147.jpg,130
02186_Least_Flycatcher_0009_30303.jpg,17
02200_Least_Flycatcher_0029_30362.jpg,13
02223_Least_Flycatcher_0050_30189.jpg,172
02210_Least_Flycatcher_0067_30397.jpg,109
02249_Olive_Sided_Flycatcher_0069_30544.jpg,51
02290_Olive_Sided_Flycatcher_0027_30549.jpg,77
02251_Olive_Sided_Flycatcher_0005_30734.jpg,119
02238_Olive_Sided_Flycatcher_0078_30752.jpg,110
02273_Olive_Sided_Flycatcher_0058_796883.jpg,23
02245_Olive_Sided_Flycatcher_0033_30532.jpg,83
02259_Olive_Sided_Flycatcher_0040_30620.jpg,161
02282_Olive_Sided_Flycatcher_0081_796895.jpg,165
02269_Olive_Sided_Flycatcher_0055_796879.jpg,81
02309_Scissor_Tailed_Flycatcher_0089_41810.jpg,24
02350_Scissor_Tailed_Flycatcher_0005_41727.jpg,18
02311_Scissor_Tailed_Flycatcher_0069_41827.jpg,159
02298_Scissor_Tailed_Flycatcher_0094_42018.jpg,71
02333_Scissor_Tailed_Flycatcher_0021_41931.jpg,18
02305_Scissor_Tailed_Flycatcher_0025_42032.jpg,2
02319_Scissor_Tailed_Flycatcher_0076_41597.jpg,123
02342_Scissor_Tailed_Flycatcher_0062_41952.jpg,163
02329_Scissor_Tailed_Flycatcher_0048_41646.jpg,144
02369_Vermilion_Flycatcher_0022_42559.jpg,38
02410_Vermilion_Flycatcher_0009_42234.jpg,70
02371_Vermilion_Flycatcher_0057_42562.jpg,6
02358_Vermilion_Flycatcher_0038_42262.jpg,178
02393_Vermilion_Flycatcher_0063_42179.jpg,105
02365_Vermilion_Flycatcher_0052_42551.jpg,50
02379_Vermilion_Flycatcher_0018_42474.jpg,92
02402_Vermilion_Flycatcher_0065_42467.jpg,122
02389_Vermilion_Flycatcher_0017_42407.jpg,71
02433_Yellow_Bellied_Flycatcher_0003_795487.jpg,148
02429_Yellow_Bellied_Flycatcher_0020_795482.jpg,153
02469_Yellow_Bellied_Flycatcher_0016_795476.jpg,52
02431_Yellow_Bellied_Flycatcher_0025_795484.jpg,19
02418_Yellow_Bellied_Flycatcher_0012_795469.jpg,159
02453_Yellow_Bellied_Flycatcher_0065_42635.jpg,12
02425_Yellow_Bellied_Flycatcher_0038_795477.jpg,36
02439_Yellow_Bellied_Flycatcher_0018_795494.jpg,159
02462_Yellow_Bellied_Flycatcher_0063_42704.jpg,17
02449_Yellow_Bellied_Flycatcher_0004_795513.jpg,139
02488_Frigatebird_0091_43066.jpg,49
02529_Frigatebird_0070_43516.jpg,106
02490_Frigatebird_0001_43101.jpg,146
02477_Frigatebird_0047_43039.jpg,71
02512_Frigatebird_0045_42823.jpg,71
02484_Frigatebird_0008_43058.jpg,19
02498_Frigatebird_0092_43206.jpg,71
02521_Frigatebird_0035_43420.jpg,144
02508_Frigatebird_0121_42791.jpg,24
02548_Northern_Fulmar_0097_43865.jpg,83
02589_Northern_Fulmar_0018_43771.jpg,105
02550_Northern_Fulmar_0083_43618.jpg,0
02537_Northern_Fulmar_0098_43578.jpg,99
02572_Northern_Fulmar_0037_43712.jpg,186
02544_Northern_Fulmar_0010_44112.jpg,83
02558_Northern_Fulmar_0061_43653.jpg,52
02581_Northern_Fulmar_0031_43750.jpg,83
02568_Northern_Fulmar_0047_43698.jpg,59
02608_Gadwall_0048_31312.jpg,130
02649_Gadwall_0013_31020.jpg,75
02610_Gadwall_0041_31064.jpg,29
02597_Gadwall_0039_31013.jpg,49
02632_Gadwall_0065_31659.jpg,85
02604_Gadwall_0082_31301.jpg,89
02618_Gadwall_0028_31623.jpg,50
02641_Gadwall_0031_30935.jpg,84
02628_Gadwall_0010_31158.jpg,49
02668_American_Goldfinch_0086_31887.jpg,169
02709_American_Goldfinch_0105_32238.jpg,32
02670_American_Goldfinch_0082_31890.jpg,95
02657_American_Goldfinch_0040_32323.jpg,178
02692_American_Goldfinch_0046_32105.jpg,112
02664_American_Goldfinch_0048_32885.jpg,54
02678_American_Goldfinch_0034_32371.jpg,137
02701_American_Goldfinch_0100_32183.jpg,169
02688_American_Goldfinch_0104_32540.jpg,163
02728_European_Goldfinch_0006_794661.jpg,4
02769_European_Goldfinch_0089_33279.jpg,163
02730_European_Goldfinch_0058_794665.jpg,167
02717_European_Goldfinch_0020_794644.jpg,56
02752_European_Goldfinch_0106_33298.jpg,149
02724_European_Goldfinch_0107_794655.jpg,39
02738_European_Goldfinch_0047_33332.jpg,163
02761_European_Goldfinch_0081_33259.jpg,178
02748_European_Goldfinch_0068_33359.jpg,20
02788_Boat_Tailed_Grackle_0028_33777.jpg,100
02829_Boat_Tailed_Grackle_0105_33663.jpg,57
02790_Boat_Tailed_Grackle_0009_33373.jpg,50
02777_Boat_Tailed_Grackle_0117_33576.jpg,0
02812_Boat_Tailed_Grackle_0014_33485.jpg,22
02784_Boat_Tailed_Grackle_0083_33590.jpg,122
02798_Boat_Tailed_Grackle_0041_33396.jpg,44
02821_Boat_Tailed_Grackle_0097_33759.jpg,50
02808_Boat_Tailed_Grackle_0123_33695.jpg,178
02848_Eared_Grebe_0075_34115.jpg,77
02889_Eared_Grebe_0025_34344.jpg,49
02850_Eared_Grebe_0020_34131.jpg,45
02837_Eared_Grebe_0086_34064.jpg,71
02872_Eared_Grebe_0045_34212.jpg,75
02844_Eared_Grebe_0056_34098.jpg,80
02858_Eared_Grebe_0081_34153.jpg,89
02881_Eared_Grebe_0062_34249.jpg,49
02868_Eared_Grebe_0069_34199.jpg,49
02908_Horned_Grebe_0067_34654.jpg,33
02949_Horned_Grebe_0029_34557.jpg,131
02910_Horned_Grebe_0098_34662.jpg,84
02897_Horned_Grebe_0077_34587.jpg,71
02932_Horned_Grebe_0066_34738.jpg,100
02904_Horned_Grebe_0061_34613.jpg,68
02918_Horned_Grebe_0063_34966.jpg,141
02941_Horned_Grebe_0114_34517.jpg,59
02928_Horned_Grebe_0099_34989.jpg,26
02968_Pied_Billed_Grebe_0014_35424.jpg,65
03009_Pied_Billed_Grebe_0096_35579.jpg,71
02970_Pied_Billed_Grebe_0072_35939.jpg,60
02957_Pied_Billed_Grebe_0013_35882.jpg,127
02992_Pied_Billed_Grebe_0030_35498.jpg,89
02964_Pied_Billed_Grebe_0048_35670.jpg,105
02978_Pied_Billed_Grebe_0068_35963.jpg,45
03001_Pied_Billed_Grebe_0091_35276.jpg,77
02988_Pied_Billed_Grebe_0041_35224.jpg,28
03028_Western_Grebe_0070_36162.jpg,71
03069_Western_Grebe_0061_36181.jpg,142
03030_Western_Grebe_0045_36425.jpg,63
03017_Western_Grebe_0092_36121.jpg,22
03052_Western_Grebe_0050_36163.jpg,49
03024_Western_Grebe_0022_36148.jpg,65
03038_Western_Grebe_0093_36193.jpg,71
03061_Western_Grebe_0071_36536.jpg,23
03048_Western_Grebe_0001_36481.jpg,60
03088_Blue_Grosbeak_0053_36709.jpg,112
03129_Blue_Grosbeak_0046_37119.jpg,108
03090_Blue_Grosbeak_0075_36963.jpg,162
03077_Blue_Grosbeak_0079_36656.jpg,120
03112_Blue_Grosbeak_0048_36809.jpg,35
03084_Blue_Grosbeak_0024_36680.jpg,169
03098_Blue_Grosbeak_0015_36985.jpg,169
03121_Blue_Grosbeak_0111_36841.jpg,153
03108_Blue_Grosbeak_0027_36703.jpg,132
03148_Evening_Grosbeak_0085_37487.jpg,74
03189_Evening_Grosbeak_0122_37864.jpg,194
03150_Evening_Grosbeak_0053_38005.jpg,36
03137_Evening_Grosbeak_0028_37410.jpg,113
03172_Evening_Grosbeak_0031_37239.jpg,153
03144_Evening_Grosbeak_0004_37960.jpg,178
03158_Evening_Grosbeak_0093_37608.jpg,109
03181_Evening_Grosbeak_0075_37302.jpg,69
03168_Evening_Grosbeak_0090_37225.jpg,83
03208_Pine_Grosbeak_0068_38981.jpg,196
03249_Pine_Grosbeak_0004_38396.jpg,0
03210_Pine_Grosbeak_0102_38216.jpg,83
03197_Pine_Grosbeak_0058_38431.jpg,18
03232_Pine_Grosbeak_0082_38552.jpg,84
03204_Pine_Grosbeak_0109_38451.jpg,106
03218_Pine_Grosbeak_0008_38486.jpg,83
03241_Pine_Grosbeak_0107_38351.jpg,65
03228_Pine_Grosbeak_0108_38281.jpg,132
03268_Rose_Breasted_Grosbeak_0081_39136.jpg,163
03309_Rose_Breasted_Grosbeak_0047_39407.jpg,119
03270_Rose_Breasted_Grosbeak_0086_39658.jpg,60
03257_Rose_Breasted_Grosbeak_0014_39037.jpg,56
03292_Rose_Breasted_Grosbeak_0069_39254.jpg,13
03264_Rose_Breasted_Grosbeak_0117_39601.jpg,12
03278_Rose_Breasted_Grosbeak_0050_39695.jpg,153
03301_Rose_Breasted_Grosbeak_0122_39284.jpg,169
03288_Rose_Breasted_Grosbeak_0135_39227.jpg,152
03332_Pigeon_Guillemot_0068_40039.jpg,89
03328_Pigeon_Guillemot_0023_39829.jpg,0
03367_Pigeon_Guillemot_0011_39935.jpg,79
03330_Pigeon_Guillemot_0082_40290.jpg,89
03317_Pigeon_Guillemot_0009_40218.jpg,17
03352_Pigeon_Guillemot_0053_39876.jpg,58
03324_Pigeon_Guillemot_0025_40511.jpg,177
03338_Pigeon_Guillemot_0034_40074.jpg,44
03361_Pigeon_Guillemot_0075_40159.jpg,105
03348_Pigeon_Guillemot_0103_39882.jpg,49
03386_California_Gull_0027_41083.jpg,197
03427_California_Gull_0021_41471.jpg,186
03388_California_Gull_0093_41111.jpg,170
03375_California_Gull_0111_41033.jpg,146
03410_California_Gull_0043_41326.jpg,4
03382_California_Gull_0064_41562.jpg,65
03396_California_Gull_0121_41196.jpg,183
03419_California_Gull_0026_41386.jpg,84
03406_California_Gull_0001_40786.jpg,45
03450_Glaucous_Winged_Gull_0015_44198.jpg,100
03446_Glaucous_Winged_Gull_0066_44669.jpg,84
03486_Glaucous_Winged_Gull_0051_44543.jpg,2
03448_Glaucous_Winged_Gull_0094_44696.jpg,4
03435_Glaucous_Winged_Gull_0023_45090.jpg,39
03470_Glaucous_Winged_Gull_0011_44827.jpg,137
03442_Glaucous_Winged_Gull_0112_44731.jpg,84
03456_Glaucous_Winged_Gull_0060_44215.jpg,59
03479_Glaucous_Winged_Gull_0110_44377.jpg,186
03466_Glaucous_Winged_Gull_0012_44264.jpg,123
03505_Heermann_Gull_0071_45735.jpg,156
03546_Heermann_Gull_0131_45548.jpg,100
03507_Heermann_Gull_0139_45749.jpg,186
03494_Heermann_Gull_0059_45642.jpg,51
03529_Heermann_Gull_0121_45375.jpg,84
03501_Heermann_Gull_0130_45700.jpg,57
03515_Heermann_Gull_0033_45792.jpg,121
03538_Heermann_Gull_0004_45936.jpg,137
03525_Heermann_Gull_0074_45351.jpg,79
03565_Herring_Gull_0047_46218.jpg,173
03606_Herring_Gull_0048_46061.jpg,85
03567_Herring_Gull_0024_48309.jpg,186
03554_Herring_Gull_0012_46654.jpg,105
03589_Herring_Gull_0010_46425.jpg,4
03561_Herring_Gull_0100_46677.jpg,62
03575_Herring_Gull_0052_46810.jpg,45
03598_Herring_Gull_0103_45996.jpg,11
03585_Herring_Gull_0068_46392.jpg,24
03625_Ivory_Gull_0015_49199.jpg,105
03666_Ivory_Gull_0064_49406.jpg,70
03627_Ivory_Gull_0062_49722.jpg,65
03614_Ivory_Gull_0041_49172.jpg,100
03649_Ivory_Gull_0093_49052.jpg,93
03621_Ivory_Gull_0089_49699.jpg,144
03635_Ivory_Gull_0043_49755.jpg,65
03658_Ivory_Gull_0059_49662.jpg,183
03645_Ivory_Gull_0105_49559.jpg,89
03685_Ring_Billed_Gull_0093_51303.jpg,143
03726_Ring_Billed_Gull_0106_52729.jpg,65
03687_Ring_Billed_Gull_0125_51307.jpg,50
03674_Ring_Billed_Gull_0100_52779.jpg,105
03709_Ring_Billed_Gull_0003_51480.jpg,26
03681_Ring_Billed_Gull_0033_51288.jpg,62
03695_Ring_Billed_Gull_0101_51375.jpg,94
03718_Ring_Billed_Gull_0119_51551.jpg,149
03705_Ring_Billed_Gull_0051_51440.jpg,152
03745_Slaty_Backed_Gull_0022_796022.jpg,24
03776_Slaty_Backed_Gull_0026_53245.jpg,65
03747_Slaty_Backed_Gull_0058_796024.jpg,71
03734_Slaty_Backed_Gull_0030_796003.jpg,49
03769_Slaty_Backed_Gull_0087_786374.jpg,142
03741_Slaty_Backed_Gull_0006_796014.jpg,23
03755_Slaty_Backed_Gull_0003_796032.jpg,89
03765_Slaty_Backed_Gull_0060_796052.jpg,186
03795_Western_Gull_0057_55312.jpg,61
03836_Western_Gull_0049_53748.jpg,71
03797_Western_Gull_0007_53431.jpg,55
03784_Western_Gull_0124_53838.jpg,39
03819_Western_Gull_0094_55156.jpg,132
03791_Western_Gull_0143_54909.jpg,61
03805_Western_Gull_0006_53504.jpg,123
03828_Western_Gull_0043_54706.jpg,163
03815_Western_Gull_0114_55644.jpg,186
03855_Anna_Hummingbird_0001_56960.jpg,165
03896_Anna_Hummingbird_0119_56309.jpg,110
03857_Anna_Hummingbird_0066_56486.jpg,133
03844_Anna_Hummingbird_0027_55873.jpg,60
03879_Anna_Hummingbird_0022_55779.jpg,105
03851_Anna_Hummingbird_0099_55916.jpg,13
03865_Anna_Hummingbird_0112_56353.jpg,84
03888_Anna_Hummingbird_0021_55763.jpg,105
03875_Anna_Hummingbird_0053_56112.jpg,32
03915_Ruby_Throated_Hummingbird_0024_57969.jpg,25
03956_Ruby_Throated_Hummingbird_0110_57851.jpg,163
03917_Ruby_Throated_Hummingbird_0040_57982.jpg,153
03904_Ruby_Throated_Hummingbird_0071_57886.jpg,119
03939_Ruby_Throated_Hummingbird_0129_57666.jpg,175
03911_Ruby_Throated_Hummingbird_0090_57411.jpg,168
03925_Ruby_Throated_Hummingbird_0118_57536.jpg,107
03948_Ruby_Throated_Hummingbird_0010_58285.jpg,130
03935_Ruby_Throated_Hummingbird_0076_57649.jpg,178
03975_Rufous_Hummingbird_0025_59461.jpg,17
04016_Rufous_Hummingbird_0037_60415.jpg,64
03977_Rufous_Hummingbird_0011_59480.jpg,0
03964_Rufous_Hummingbird_0055_59935.jpg,33
03999_Rufous_Hummingbird_0090_58598.jpg,43
03971_Rufous_Hummingbird_0134_59449.jpg,123
03985_Rufous_Hummingbird_0067_59510.jpg,166
04008_Rufous_Hummingbird_0045_59533.jpg,81
03995_Rufous_Hummingbird_0123_58546.jpg,17
04035_Green_Violetear_0102_795702.jpg,17
04076_Green_Violetear_0009_795647.jpg,76
04037_Green_Violetear_0092_795704.jpg,69
04024_Green_Violetear_0047_795677.jpg,123
04059_Green_Violetear_0114_60809.jpg,54
04031_Green_Violetear_0077_795696.jpg,12
04045_Green_Violetear_0044_795717.jpg,17
04068_Green_Violetear_0094_795634.jpg,7
04055_Green_Violetear_0062_60797.jpg,159
04095_Long_Tailed_Jaeger_0006_797065.jpg,176
04136_Long_Tailed_Jaeger_0032_61177.jpg,85
04097_Long_Tailed_Jaeger_0009_797070.jpg,142
04084_Long_Tailed_Jaeger_0019_60970.jpg,71
04119_Long_Tailed_Jaeger_0051_797095.jpg,71
04091_Long_Tailed_Jaeger_0069_61060.jpg,85
04105_Long_Tailed_Jaeger_0018_61081.jpg,54
04128_Long_Tailed_Jaeger_0046_797103.jpg,141
04115_Long_Tailed_Jaeger_0066_60921.jpg,85
04155_Pomarine_Jaeger_0078_795758.jpg,98
04196_Pomarine_Jaeger_0023_61431.jpg,58
04157_Pomarine_Jaeger_0020_795761.jpg,85
04144_Pomarine_Jaeger_0051_795738.jpg,71
04179_Pomarine_Jaeger_0028_795797.jpg,141
04151_Pomarine_Jaeger_0045_795750.jpg,99
04165_Pomarine_Jaeger_0001_795772.jpg,71
04188_Pomarine_Jaeger_0079_61370.jpg,136
04175_Pomarine_Jaeger_0054_795791.jpg,85
04215_Blue_Jay_0055_61507.jpg,22
04256_Blue_Jay_0074_63487.jpg,177
04217_Blue_Jay_0096_63330.jpg,42
04204_Blue_Jay_0053_62744.jpg,133
04239_Blue_Jay_0003_63408.jpg,163
04211_Blue_Jay_0102_61494.jpg,172
04225_Blue_Jay_0020_63604.jpg,185
04248_Blue_Jay_0054_61656.jpg,13
04235_Blue_Jay_0079_62626.jpg,12
04275_Florida_Jay_0029_65114.jpg,81
04316_Florida_Jay_0066_65018.jpg,6
04277_Florida_Jay_0110_64605.jpg,12
04264_Florida_Jay_0103_64537.jpg,159
04299_Florida_Jay_0095_64707.jpg,9
04271_Florida_Jay_0050_65099.jpg,105
04285_Florida_Jay_0097_64906.jpg,22
04308_Florida_Jay_0099_64735.jpg,38
04295_Florida_Jay_0078_64692.jpg,130
04339_Green_Jay_0115_65745.jpg,157
04335_Green_Jay_0028_65719.jpg,25
04373_Green_Jay_0011_65947.jpg,152
04337_Green_Jay_0118_66251.jpg,38
04324_Green_Jay_0049_65600.jpg,177
04359_Green_Jay_0098_65857.jpg,125
04331_Green_Jay_0129_65680.jpg,93
04345_Green_Jay_0100_65786.jpg,190
04368_Green_Jay_0090_65895.jpg,153
04355_Green_Jay_0114_65841.jpg,42
04392_Dark_Eyed_Junco_0013_66332.jpg,22
04433_Dark_Eyed_Junco_0026_68061.jpg,65
04394_Dark_Eyed_Junco_0005_68813.jpg,78
04381_Dark_Eyed_Junco_0010_66649.jpg,38
04416_Dark_Eyed_Junco_0012_66932.jpg,133
04388_Dark_Eyed_Junco_0040_66689.jpg,32
04402_Dark_Eyed_Junco_0059_66305.jpg,17
04425_Dark_Eyed_Junco_0041_66464.jpg,186
04412_Dark_Eyed_Junco_0030_68439.jpg,2
04452_Tropical_Kingbird_0097_69436.jpg,12
04493_Tropical_Kingbird_0063_69589.jpg,43
04454_Tropical_Kingbird_0041_69954.jpg,114
04441_Tropical_Kingbird_0073_69401.jpg,125
04476_Tropical_Kingbird_0044_69815.jpg,134
04448_Tropical_Kingbird_0096_69684.jpg,81
04462_Tropical_Kingbird_0040_69728.jpg,43
04485_Tropical_Kingbird_0003_69852.jpg,43
04472_Tropical_Kingbird_0039_69253.jpg,89
04516_Gray_Kingbird_0082_795014.jpg,97
04512_Gray_Kingbird_0054_70264.jpg,99
04552_Gray_Kingbird_0051_70139.jpg,61
04514_Gray_Kingbird_0081_70276.jpg,101
04501_Gray_Kingbird_0036_70184.jpg,35
04536_Gray_Kingbird_0044_70322.jpg,77
04508_Gray_Kingbird_0009_795023.jpg,157
04522_Gray_Kingbird_0055_70290.jpg,110
04545_Gray_Kingbird_0005_70103.jpg,71
04532_Gray_Kingbird_0070_70051.jpg,12
04571_Belted_Kingfisher_0025_70501.jpg,127
04612_Belted_Kingfisher_0084_70399.jpg,163
04573_Belted_Kingfisher_0031_70506.jpg,68
04560_Belted_Kingfisher_0094_70698.jpg,155
04595_Belted_Kingfisher_0096_70347.jpg,79
04567_Belted_Kingfisher_0043_70492.jpg,144
04581_Belted_Kingfisher_0041_70595.jpg,83
04604_Belted_Kingfisher_0111_70375.jpg,134
04591_Belted_Kingfisher_0071_70584.jpg,123
04631_Green_Kingfisher_0062_70985.jpg,98
04672_Green_Kingfisher_0048_71164.jpg,98
04633_Green_Kingfisher_0057_71096.jpg,42
04620_Green_Kingfisher_0066_71200.jpg,84
04655_Green_Kingfisher_0063_71345.jpg,50
04627_Green_Kingfisher_0056_70972.jpg,42
04641_Green_Kingfisher_0013_71293.jpg,104
04664_Green_Kingfisher_0070_71387.jpg,17
04651_Green_Kingfisher_0089_71325.jpg,13
04691_Pied_Kingfisher_0121_72378.jpg,105
04732_Pied_Kingfisher_0085_71557.jpg,174
04693_Pied_Kingfisher_0065_71871.jpg,142
04680_Pied_Kingfisher_0128_72775.jpg,112
04715_Pied_Kingfisher_0095_72008.jpg,55
04687_Pied_Kingfisher_0032_71792.jpg,85
04701_Pied_Kingfisher_0061_72193.jpg,77
04724_Pied_Kingfisher_0007_72438.jpg,123
04711_Pied_Kingfisher_0021_72498.jpg,127
04751_Ringed_Kingfisher_0009_72786.jpg,163
04792_Ringed_Kingfisher_0071_72958.jpg,43
04753_Ringed_Kingfisher_0087_72794.jpg,105
04740_Ringed_Kingfisher_0075_73135.jpg,43
04775_Ringed_Kingfisher_0020_72888.jpg,36
04747_Ringed_Kingfisher_0028_73018.jpg,159
04761_Ringed_Kingfisher_0091_72839.jpg,65
04784_Ringed_Kingfisher_0108_73169.jpg,112
04771_Ringed_Kingfisher_0074_73130.jpg,33
04811_White_Breasted_Kingfisher_0040_73266.jpg,3
04852_White_Breasted_Kingfisher_0123_73211.jpg,63
04813_White_Breasted_Kingfisher_0117_73283.jpg,55
04800_White_Breasted_Kingfisher_0071_73236.jpg,33
04835_White_Breasted_Kingfisher_0088_73386.jpg,197
04807_White_Breasted_Kingfisher_0121_73258.jpg,17
04821_White_Breasted_Kingfisher_0103_73316.jpg,71
04844_White_Breasted_Kingfisher_0120_73439.jpg,194
04831_White_Breasted_Kingfisher_0111_73369.jpg,177
04871_Red_Legged_Kittiwake_0045_795426.jpg,105
04905_Red_Legged_Kittiwake_0062_795434.jpg,100
04873_Red_Legged_Kittiwake_0068_795430.jpg,17
04860_Red_Legged_Kittiwake_0007_795402.jpg,59
04895_Red_Legged_Kittiwake_0004_73811.jpg,55
04867_Red_Legged_Kittiwake_0022_795418.jpg,145
04881_Red_Legged_Kittiwake_0024_795441.jpg,4
04904_Red_Legged_Kittiwake_0044_795388.jpg,65
04891_Red_Legged_Kittiwake_0009_795459.jpg,71
04924_Horned_Lark_0141_74396.jpg,71
04965_Horned_Lark_0040_74214.jpg,123
04926_Horned_Lark_0064_74864.jpg,50
04913_Horned_Lark_0033_74344.jpg,33
04948_Horned_Lark_0072_74067.jpg,42
04920_Horned_Lark_0013_74374.jpg,26
04934_Horned_Lark_0083_74444.jpg,123
04957_Horned_Lark_0009_74646.jpg,149
04944_Horned_Lark_0012_74511.jpg,119
04984_Pacific_Loon_0005_75829.jpg,141
05025_Pacific_Loon_0002_75775.jpg,85
04986_Pacific_Loon_0068_75836.jpg,7
04973_Pacific_Loon_0027_75542.jpg,49
05008_Pacific_Loon_0046_75439.jpg,50
04980_Pacific_Loon_0004_75815.jpg,143
04994_Pacific_Loon_0063_75865.jpg,44
05017_Pacific_Loon_0011_75726.jpg,122
05004_Pacific_Loon_0067_75423.jpg,143
05044_Mallard_0052_76946.jpg,15
05085_Mallard_0004_76958.jpg,50
05046_Mallard_0024_75932.jpg,183
05033_Mallard_0026_76725.jpg,132
05068_Mallard_0103_77105.jpg,119
05040_Mallard_0069_76926.jpg,50
05054_Mallard_0050_76519.jpg,119
05077_Mallard_0006_77171.jpg,50
05064_Mallard_0136_76593.jpg,65
05104_Western_Meadowlark_0121_78402.jpg,149
05145_Western_Meadowlark_0052_77781.jpg,51
05106_Western_Meadowlark_0108_78155.jpg,12
05093_Western_Meadowlark_0125_77850.jpg,33
05128_Western_Meadowlark_0112_78760.jpg,53
05100_Western_Meadowlark_0019_77876.jpg,126
05114_Western_Meadowlark_0042_78180.jpg,127
05137_Western_Meadowlark_0029_78832.jpg,110
05124_Western_Meadowlark_0101_78899.jpg,177
05164_Hooded_Merganser_0066_796755.jpg,186
05205_Hooded_Merganser_0072_78973.jpg,22
05166_Hooded_Merganser_0074_796757.jpg,13
05153_Hooded_Merganser_0053_796728.jpg,119
05188_Hooded_Merganser_0092_78989.jpg,56
05160_Hooded_Merganser_0012_796748.jpg,55
05174_Hooded_Merganser_0090_796774.jpg,100
05197_Hooded_Merganser_0016_79079.jpg,57
05184_Hooded_Merganser_0084_78954.jpg,98
05224_Red_Breasted_Merganser_0001_79199.jpg,89
05265_Red_Breasted_Merganser_0045_79358.jpg,52
05226_Red_Breasted_Merganser_0008_79458.jpg,132
05213_Red_Breasted_Merganser_0030_79411.jpg,49
05248_Red_Breasted_Merganser_0085_79285.jpg,4
05220_Red_Breasted_Merganser_0042_79202.jpg,141
05234_Red_Breasted_Merganser_0051_79474.jpg,85
05257_Red_Breasted_Merganser_0070_79570.jpg,142
05244_Red_Breasted_Merganser_0022_79274.jpg,2
05284_Mockingbird_0012_81216.jpg,39
05325_Mockingbird_0023_80121.jpg,163
05286_Mockingbird_0004_81991.jpg,17
05273_Mockingbird_0095_81177.jpg,3
05308_Mockingbird_0047_80819.jpg,26
05280_Mockingbird_0048_80441.jpg,17
05294_Mockingbird_0106_81381.jpg,177
05317_Mockingbird_0089_80601.jpg,65
05304_Mockingbird_0083_79862.jpg,62
05344_Nighthawk_0087_82280.jpg,123
05385_Nighthawk_0076_82686.jpg,12
05346_Nighthawk_0005_84594.jpg,4
05333_Nighthawk_0004_84011.jpg,32
05368_Nighthawk_0083_83647.jpg,169
05340_Nighthawk_0043_84039.jpg,130
05354_Nighthawk_0019_83850.jpg,12
05377_Nighthawk_0065_82895.jpg,84
05364_Nighthawk_0031_83636.jpg,8
05404_Clark_Nutcracker_0137_85172.jpg,186
05445_Clark_Nutcracker_0113_85587.jpg,107
05406_Clark_Nutcracker_0131_85701.jpg,0
05393_Clark_Nutcracker_0020_85099.jpg,186
05428_Clark_Nutcracker_0106_84856.jpg,22
05400_Clark_Nutcracker_0101_85656.jpg,22
05414_Clark_Nutcracker_0069_84767.jpg,93
05437_Clark_Nutcracker_0121_85435.jpg,25
05424_Clark_Nutcracker_0073_85343.jpg,189
05464_White_Breasted_Nuthatch_0020_86143.jpg,183
05505_White_Breasted_Nuthatch_0042_86488.jpg,13
05466_White_Breasted_Nuthatch_0066_86159.jpg,105
05453_White_Breasted_Nuthatch_0086_86553.jpg,83
05488_White_Breasted_Nuthatch_0059_85903.jpg,177
05460_White_Breasted_Nuthatch_0036_86596.jpg,13
05474_White_Breasted_Nuthatch_0129_86761.jpg,17
05497_White_Breasted_Nuthatch_0082_86435.jpg,61
05484_White_Breasted_Nuthatch_0047_85819.jpg,27
05524_Baltimore_Oriole_0019_88186.jpg,168
05565_Baltimore_Oriole_0130_89596.jpg,18
05526_Baltimore_Oriole_0014_87690.jpg,186
05513_Baltimore_Oriole_0021_87089.jpg,88
05548_Baltimore_Oriole_0006_89935.jpg,169
05520_Baltimore_Oriole_0076_89705.jpg,114
05534_Baltimore_Oriole_0102_88818.jpg,3
05557_Baltimore_Oriole_0091_88487.jpg,98
05544_Baltimore_Oriole_0056_88355.jpg,178
05584_Hooded_Oriole_0035_90331.jpg,84
05625_Hooded_Oriole_0007_91133.jpg,151
05586_Hooded_Oriole_0055_90850.jpg,153
05573_Hooded_Oriole_0117_90464.jpg,96
05608_Hooded_Oriole_0029_90485.jpg,179
05580_Hooded_Oriole_0072_90298.jpg,169
05594_Hooded_Oriole_0053_90898.jpg,83
05617_Hooded_Oriole_0082_90045.jpg,38
05604_Hooded_Oriole_0013_90445.jpg,161
05648_Orchard_Oriole_0035_92003.jpg,98
05644_Orchard_Oriole_0045_91205.jpg,54
05684_Orchard_Oriole_0009_91902.jpg,172
05646_Orchard_Oriole_0006_91724.jpg,134
05633_Orchard_Oriole_0114_91412.jpg,71
05668_Orchard_Oriole_0036_91818.jpg,100
05640_Orchard_Oriole_0026_91444.jpg,161
05654_Orchard_Oriole_0055_91515.jpg,9
05677_Orchard_Oriole_0030_91612.jpg,106
05664_Orchard_Oriole_0106_91830.jpg,46
05703_Scott_Oriole_0070_795808.jpg,128
05744_Scott_Oriole_0075_795817.jpg,128
05705_Scott_Oriole_0032_795810.jpg,33
05692_Scott_Oriole_0079_92248.jpg,17
05727_Scott_Oriole_0040_795839.jpg,197
05699_Scott_Oriole_0068_795804.jpg,29
05713_Scott_Oriole_0083_795821.jpg,177
05736_Scott_Oriole_0073_92369.jpg,186
05723_Scott_Oriole_0078_795833.jpg,51
05763_Ovenbird_0043_93374.jpg,123
05804_Ovenbird_0102_93172.jpg,35
05765_Ovenbird_0004_92868.jpg,127
05752_Ovenbird_0033_93232.jpg,183
05787_Ovenbird_0131_92559.jpg,49
05759_Ovenbird_0044_92828.jpg,36
05773_Ovenbird_0130_92452.jpg,151
05796_Ovenbird_0054_92594.jpg,153
05783_Ovenbird_0064_93208.jpg,5
05823_Brown_Pelican_0017_94383.jpg,60
05864_Brown_Pelican_0056_95229.jpg,33
05825_Brown_Pelican_0031_93874.jpg,183
05812_Brown_Pelican_0103_94787.jpg,71
05847_Brown_Pelican_0128_94059.jpg,71
05819_Brown_Pelican_0036_93843.jpg,119
05833_Brown_Pelican_0080_93439.jpg,8
05856_Brown_Pelican_0019_95158.jpg,61
05843_Brown_Pelican_0122_94022.jpg,89
05883_White_Pelican_0079_97380.jpg,85
05914_White_Pelican_0024_96554.jpg,89
05885_White_Pelican_0083_95840.jpg,98
05872_White_Pelican_0056_97071.jpg,100
05907_White_Pelican_0072_96975.jpg,92
05879_White_Pelican_0037_95570.jpg,71
05893_White_Pelican_0016_96659.jpg,143
05903_White_Pelican_0003_96691.jpg,65
05933_Western_Wood_Pewee_0053_98186.jpg,13
05974_Western_Wood_Pewee_0001_98045.jpg,115
05935_Western_Wood_Pewee_0012_98031.jpg,39
05922_Western_Wood_Pewee_0046_98113.jpg,26
05957_Western_Wood_Pewee_0039_795063.jpg,127
05929_Western_Wood_Pewee_0018_98153.jpg,107
05943_Western_Wood_Pewee_0060_795045.jpg,73
05966_Western_Wood_Pewee_0081_98270.jpg,36
05953_Western_Wood_Pewee_0072_98035.jpg,70
05993_Sayornis_0069_98914.jpg,89
06034_Sayornis_0058_98798.jpg,71
05995_Sayornis_0129_98924.jpg,65
05982_Sayornis_0070_99354.jpg,42
06017_Sayornis_0099_98593.jpg,101
05989_Sayornis_0042_98874.jpg,59
06003_Sayornis_0038_98441.jpg,137
06026_Sayornis_0056_99553.jpg,94
06013_Sayornis_0125_98528.jpg,71
06053_American_Pipit_0019_99810.jpg,45
06094_American_Pipit_0073_99642.jpg,112
06055_American_Pipit_0035_100181.jpg,65
06042_American_Pipit_0082_99867.jpg,107
06077_American_Pipit_0098_99986.jpg,11
06049_American_Pipit_0078_99898.jpg,85
06063_American_Pipit_0045_99687.jpg,4
06086_American_Pipit_0043_100027.jpg,42
06073_American_Pipit_0099_99971.jpg,106
06113_Whip_Poor_Will_0025_796434.jpg,113
06143_Whip_Poor_Will_0050_796415.jpg,163
06115_Whip_Poor_Will_0032_796437.jpg,163
06102_Whip_Poor_Will_0009_796423.jpg,96
06137_Whip_Poor_Will_0003_796409.jpg,13
06109_Whip_Poor_Will_0035_796430.jpg,177
06123_Whip_Poor_Will_0020_100396.jpg,38
06133_Whip_Poor_Will_0037_796405.jpg,84
06162_Horned_Puffin_0048_100916.jpg,17
06203_Horned_Puffin_0006_100989.jpg,65
06164_Horned_Puffin_0059_100925.jpg,2
06151_Horned_Puffin_0029_100888.jpg,0
06186_Horned_Puffin_0022_100766.jpg,83
06158_Horned_Puffin_0083_100649.jpg,105
06172_Horned_Puffin_0007_100699.jpg,83
06195_Horned_Puffin_0045_100803.jpg,186
06182_Horned_Puffin_0067_100737.jpg,105
06226_Common_Raven_0091_101524.jpg,23
06222_Common_Raven_0075_102530.jpg,52
06262_Common_Raven_0015_101364.jpg,8
06224_Common_Raven_0069_101825.jpg,13
06211_Common_Raven_0107_101412.jpg,28
06246_Common_Raven_0110_101775.jpg,106
06218_Common_Raven_0066_101461.jpg,44
06232_Common_Raven_0093_102058.jpg,50
06255_Common_Raven_0053_101291.jpg,73
06242_Common_Raven_0078_101148.jpg,62
06281_White_Necked_Raven_0046_797343.jpg,187
06322_White_Necked_Raven_0005_102653.jpg,54
06283_White_Necked_Raven_0025_797346.jpg,55
06270_White_Necked_Raven_0012_102700.jpg,108
06305_White_Necked_Raven_0050_797374.jpg,123
06277_White_Necked_Raven_0018_102746.jpg,106
06291_White_Necked_Raven_0042_797356.jpg,12
06314_White_Necked_Raven_0040_797386.jpg,65
06301_White_Necked_Raven_0038_797369.jpg,83
06341_American_Redstart_0058_103082.jpg,128
06382_American_Redstart_0110_103924.jpg,165
06343_American_Redstart_0126_103091.jpg,169
06330_American_Redstart_0128_102983.jpg,133
06365_American_Redstart_0109_103795.jpg,178
06337_American_Redstart_0118_103033.jpg,36
06351_American_Redstart_0049_103176.jpg,186
06374_American_Redstart_0047_102860.jpg,38
06361_American_Redstart_0067_103259.jpg,169
06401_Geococcyx_0136_104144.jpg,61
06442_Geococcyx_0011_104779.jpg,65
06403_Geococcyx_0022_104157.jpg,186
06390_Geococcyx_0112_104548.jpg,105
06425_Geococcyx_0063_104250.jpg,183
06397_Geococcyx_0118_104131.jpg,65
06411_Geococcyx_0005_104187.jpg,177
06434_Geococcyx_0048_104817.jpg,126
06421_Geococcyx_0028_104751.jpg,122
06461_Loggerhead_Shrike_0019_106132.jpg,146
06502_Loggerhead_Shrike_0051_105447.jpg,69
06463_Loggerhead_Shrike_0075_106153.jpg,145
06450_Loggerhead_Shrike_0108_105023.jpg,149
06485_Loggerhead_Shrike_0123_105849.jpg,77
06457_Loggerhead_Shrike_0007_106101.jpg,71
06471_Loggerhead_Shrike_0048_106215.jpg,98
06494_Loggerhead_Shrike_0021_104885.jpg,77
06481_Loggerhead_Shrike_0018_26407.jpg,71
06521_Great_Grey_Shrike_0075_797022.jpg,146
06562_Great_Grey_Shrike_0050_797012.jpg,59
06523_Great_Grey_Shrike_0049_797025.jpg,70
06510_Great_Grey_Shrike_0064_106778.jpg,100
06545_Great_Grey_Shrike_0062_106628.jpg,123
06517_Great_Grey_Shrike_0027_797009.jpg,111
06531_Great_Grey_Shrike_0009_797038.jpg,17
06554_Great_Grey_Shrike_0028_106678.jpg,113
06541_Great_Grey_Shrike_0025_106622.jpg,58
06581_Baird_Sparrow_0005_794565.jpg,18
06612_Baird_Sparrow_0049_787324.jpg,12
06583_Baird_Sparrow_0019_794567.jpg,42
06570_Baird_Sparrow_0032_794553.jpg,127
06605_Baird_Sparrow_0027_794590.jpg,112
06577_Baird_Sparrow_0042_794560.jpg,42
06591_Baird_Sparrow_0010_794575.jpg,112
06601_Baird_Sparrow_0017_794586.jpg,122
06631_Black_Throated_Sparrow_0065_107087.jpg,183
06672_Black_Throated_Sparrow_0013_107005.jpg,150
06633_Black_Throated_Sparrow_0017_107355.jpg,33
06620_Black_Throated_Sparrow_0003_107035.jpg,123
06655_Black_Throated_Sparrow_0049_106958.jpg,133
06627_Black_Throated_Sparrow_0034_107327.jpg,49
06641_Black_Throated_Sparrow_0010_107375.jpg,115
06664_Black_Throated_Sparrow_0001_107233.jpg,33
06651_Black_Throated_Sparrow_0026_107198.jpg,21
06695_Brewer_Sparrow_0055_796720.jpg,51
06691_Brewer_Sparrow_0072_796715.jpg,153
06731_Brewer_Sparrow_0073_107518.jpg,123
06693_Brewer_Sparrow_0070_796717.jpg,109
06680_Brewer_Sparrow_0058_796701.jpg,149
06715_Brewer_Sparrow_0019_107452.jpg,121
06687_Brewer_Sparrow_0041_796711.jpg,38
06701_Brewer_Sparrow_0065_107419.jpg,12
06724_Brewer_Sparrow_0067_107480.jpg,197
06711_Brewer_Sparrow_0037_107442.jpg,12
06750_Chipping_Sparrow_0041_108370.jpg,163
06791_Chipping_Sparrow_0016_109051.jpg,171
06752_Chipping_Sparrow_0042_107791.jpg,53
06739_Chipping_Sparrow_0008_107810.jpg,83
06774_Chipping_Sparrow_0038_109234.jpg,54
06746_Chipping_Sparrow_0035_110138.jpg,38
06760_Chipping_Sparrow_0090_14718.jpg,13
06783_Chipping_Sparrow_0103_109529.jpg,113
06770_Chipping_Sparrow_0064_108204.jpg,66
06814_Clay_Colored_Sparrow_0010_797262.jpg,42
06810_Clay_Colored_Sparrow_0064_110664.jpg,84
06850_Clay_Colored_Sparrow_0008_110536.jpg,18
06812_Clay_Colored_Sparrow_0085_797260.jpg,119
06799_Clay_Colored_Sparrow_0055_110647.jpg,169
06834_Clay_Colored_Sparrow_0033_797255.jpg,178
06806_Clay_Colored_Sparrow_0094_797250.jpg,54
06820_Clay_Colored_Sparrow_0087_110946.jpg,45
06843_Clay_Colored_Sparrow_0022_110518.jpg,48
06830_Clay_Colored_Sparrow_0046_110728.jpg,62
06869_House_Sparrow_0119_111471.jpg,29
06910_House_Sparrow_0050_111087.jpg,29
06871_House_Sparrow_0046_112845.jpg,149
06858_House_Sparrow_0144_113216.jpg,33
06893_House_Sparrow_0005_111967.jpg,185
06865_House_Sparrow_0137_111219.jpg,72
06879_House_Sparrow_0053_111388.jpg,60
06902_House_Sparrow_0096_111519.jpg,152
06889_House_Sparrow_0108_112963.jpg,174
06933_Field_Sparrow_0059_113759.jpg,133
06929_Field_Sparrow_0110_113995.jpg,18
06969_Field_Sparrow_0107_113659.jpg,177
06931_Field_Sparrow_0071_113747.jpg,51
06918_Field_Sparrow_0029_113434.jpg,71
06953_Field_Sparrow_0123_113847.jpg,169
06925_Field_Sparrow_0055_113929.jpg,4
06939_Field_Sparrow_0047_113801.jpg,93
06962_Field_Sparrow_0034_113364.jpg,133
06949_Field_Sparrow_0006_113839.jpg,12
06988_Fox_Sparrow_0116_115311.jpg,187
07029_Fox_Sparrow_0124_114662.jpg,93
06990_Fox_Sparrow_0039_114816.jpg,177
06977_Fox_Sparrow_0103_115038.jpg,13
07012_Fox_Sparrow_0083_114496.jpg,92
06984_Fox_Sparrow_0122_114776.jpg,132
06998_Fox_Sparrow_0118_114884.jpg,33
07021_Fox_Sparrow_0025_114555.jpg,133
07008_Fox_Sparrow_0086_115484.jpg,126
07048_Grasshopper_Sparrow_0082_116300.jpg,71
07089_Grasshopper_Sparrow_0038_115704.jpg,12
07050_Grasshopper_Sparrow_0035_116049.jpg,109
07037_Grasshopper_Sparrow_0109_115750.jpg,51
07072_Grasshopper_Sparrow_0043_115880.jpg,149
07044_Grasshopper_Sparrow_0125_116031.jpg,168
07058_Grasshopper_Sparrow_0069_116332.jpg,146
07081_Grasshopper_Sparrow_0049_115918.jpg,185
07068_Grasshopper_Sparrow_0016_115695.jpg,30
07108_Harris_Sparrow_0052_116544.jpg,123
07149_Harris_Sparrow_0071_116476.jpg,186
07110_Harris_Sparrow_0090_116664.jpg,39
07097_Harris_Sparrow_0055_116512.jpg,83
07132_Harris_Sparrow_0025_116648.jpg,187
07104_Harris_Sparrow_0085_116534.jpg,65
07118_Harris_Sparrow_0045_116603.jpg,168
07141_Harris_Sparrow_0039_116409.jpg,0
07128_Harris_Sparrow_0010_116376.jpg,111
07168_Henslow_Sparrow_0054_116850.jpg,127
07209_Henslow_Sparrow_0056_796585.jpg,12
07170_Henslow_Sparrow_0026_796542.jpg,185
07157_Henslow_Sparrow_0042_796595.jpg,122
07192_Henslow_Sparrow_0108_796592.jpg,112
07164_Henslow_Sparrow_0018_116834.jpg,118
07178_Henslow_Sparrow_0059_796569.jpg,165
07201_Henslow_Sparrow_0002_116930.jpg,199
07188_Henslow_Sparrow_0074_116905.jpg,9
07232_Le_Conte_Sparrow_0099_795182.jpg,126
07228_Le_Conte_Sparrow_0013_795176.jpg,107
07268_Le_Conte_Sparrow_0070_795135.jpg,123
07230_Le_Conte_Sparrow_0068_795180.jpg,105
07217_Le_Conte_Sparrow_0015_795152.jpg,127
07252_Le_Conte_Sparrow_0049_795220.jpg,60
07224_Le_Conte_Sparrow_0085_795167.jpg,177
07238_Le_Conte_Sparrow_0084_795189.jpg,25
07261_Le_Conte_Sparrow_0039_117054.jpg,8
07248_Le_Conte_Sparrow_0043_795213.jpg,121
07291_Lincoln_Sparrow_0116_117372.jpg,13
07287_Lincoln_Sparrow_0070_117342.jpg,144
07327_Lincoln_Sparrow_0022_117759.jpg,83
07289_Lincoln_Sparrow_0066_117875.jpg,123
07276_Lincoln_Sparrow_0083_117272.jpg,30
07311_Lincoln_Sparrow_0061_117529.jpg,156
07283_Lincoln_Sparrow_0037_117837.jpg,186
07297_Lincoln_Sparrow_0017_117432.jpg,18
07320_Lincoln_Sparrow_0044_117687.jpg,166
07307_Lincoln_Sparrow_0042_117507.jpg,115
07350_Nelson_Sharp_Tailed_Sparrow_0036_118075.jpg,159
07346_Nelson_Sharp_Tailed_Sparrow_0072_118012.jpg,110
07386_Nelson_Sharp_Tailed_Sparrow_0041_796926.jpg,16
07348_Nelson_Sharp_Tailed_Sparrow_0055_796937.jpg,165
07335_Nelson_Sharp_Tailed_Sparrow_0027_118028.jpg,159
07370_Nelson_Sharp_Tailed_Sparrow_0022_796905.jpg,123
07342_Nelson_Sharp_Tailed_Sparrow_0034_796950.jpg,27
07356_Nelson_Sharp_Tailed_Sparrow_0008_796944.jpg,119
07379_Nelson_Sharp_Tailed_Sparrow_0003_796917.jpg,54
07366_Nelson_Sharp_Tailed_Sparrow_0023_796899.jpg,177
07405_Savannah_Sparrow_0131_119946.jpg,60
07446_Savannah_Sparrow_0093_118267.jpg,110
07407_Savannah_Sparrow_0008_118929.jpg,177
07394_Savannah_Sparrow_0058_118323.jpg,59
07429_Savannah_Sparrow_0029_119621.jpg,12
07401_Savannah_Sparrow_0045_119398.jpg,146
07415_Savannah_Sparrow_0057_120016.jpg,41
07438_Savannah_Sparrow_0017_119171.jpg,7
07425_Savannah_Sparrow_0051_118574.jpg,109
07465_Seaside_Sparrow_0023_796525.jpg,173
07506_Seaside_Sparrow_0029_120828.jpg,45
07467_Seaside_Sparrow_0042_796528.jpg,112
07454_Seaside_Sparrow_0043_796510.jpg,130
07489_Seaside_Sparrow_0024_120751.jpg,130
07461_Seaside_Sparrow_0071_796519.jpg,34
07475_Seaside_Sparrow_0008_796538.jpg,127
07498_Seaside_Sparrow_0026_120798.jpg,162
07485_Seaside_Sparrow_0049_120735.jpg,109
07525_Song_Sparrow_0020_121490.jpg,83
07566_Song_Sparrow_0010_121331.jpg,191
07527_Song_Sparrow_0029_120989.jpg,175
07514_Song_Sparrow_0089_120894.jpg,113
07549_Song_Sparrow_0055_121158.jpg,71
07521_Song_Sparrow_0045_121951.jpg,56
07535_Song_Sparrow_0090_121057.jpg,127
07558_Song_Sparrow_0114_121233.jpg,172
07545_Song_Sparrow_0091_121651.jpg,186
07585_Tree_Sparrow_0041_123497.jpg,69
07626_Tree_Sparrow_0074_124408.jpg,17
07587_Tree_Sparrow_0076_123669.jpg,119
07574_Tree_Sparrow_0053_122933.jpg,100
07609_Tree_Sparrow_0127_125322.jpg,159
07581_Tree_Sparrow_0112_125014.jpg,12
07595_Tree_Sparrow_0119_124114.jpg,38
07618_Tree_Sparrow_0081_124348.jpg,16
07605_Tree_Sparrow_0086_123751.jpg,84
07645_Vesper_Sparrow_0020_125794.jpg,38
07686_Vesper_Sparrow_0022_125719.jpg,133
07647_Vesper_Sparrow_0004_125787.jpg,122
07634_Vesper_Sparrow_0009_125713.jpg,11
07669_Vesper_Sparrow_0016_125615.jpg,123
07641_Vesper_Sparrow_0076_125737.jpg,29
07655_Vesper_Sparrow_0032_125564.jpg,123
07678_Vesper_Sparrow_0015_125653.jpg,93
07665_Vesper_Sparrow_0073_125605.jpg,55
07705_White_Crowned_Sparrow_0043_127096.jpg,110
07746_White_Crowned_Sparrow_0031_126457.jpg,71
07707_White_Crowned_Sparrow_0095_127118.jpg,176
07694_White_Crowned_Sparrow_0101_127058.jpg,183
07729_White_Crowned_Sparrow_0061_126315.jpg,50
07701_White_Crowned_Sparrow_0109_128529.jpg,121
07715_White_Crowned_Sparrow_0102_127708.jpg,133
07738_White_Crowned_Sparrow_0118_127919.jpg,119
07725_White_Crowned_Sparrow_0049_128311.jpg,25
07765_White_Throated_Sparrow_0085_129180.jpg,65
07806_White_Throated_Sparrow_0033_129016.jpg,59
07767_White_Throated_Sparrow_0134_129190.jpg,126
07754_White_Throated_Sparrow_0030_129076.jpg,119
07789_White_Throated_Sparrow_0061_128902.jpg,28
07761_White_Throated_Sparrow_0015_129138.jpg,168
07775_White_Throated_Sparrow_0105_128814.jpg,33
07798_White_Throated_Sparrow_0128_128956.jpg,3
07785_White_Throated_Sparrow_0038_128853.jpg,85
07825_Cape_Glossy_Starling_0018_129356.jpg,12
07866_Cape_Glossy_Starling_0050_129274.jpg,36
07827_Cape_Glossy_Starling_0043_129358.jpg,154
07814_Cape_Glossy_Starling_0028_129309.jpg,98
07849_Cape_Glossy_Starling_0068_129446.jpg,100
07821_Cape_Glossy_Starling_0084_129346.jpg,106
07835_Cape_Glossy_Starling_0042_129385.jpg,146
07858_Cape_Glossy_Starling_0053_129219.jpg,4
07845_Cape_Glossy_Starling_0033_129435.jpg,71
07889_Bank_Swallow_0059_129896.jpg,135
07885_Bank_Swallow_0023_129878.jpg,49
07925_Bank_Swallow_0016_129791.jpg,8
07887_Bank_Swallow_0041_129625.jpg,89
07874_Bank_Swallow_0013_129563.jpg,71
07909_Bank_Swallow_0028_129754.jpg,143
07881_Bank_Swallow_0069_129802.jpg,141
07895_Bank_Swallow_0040_129674.jpg,71
07918_Bank_Swallow_0063_129774.jpg,99
07905_Bank_Swallow_0054_129743.jpg,186
07944_Barn_Swallow_0085_132939.jpg,112
07985_Barn_Swallow_0074_132094.jpg,50
07946_Barn_Swallow_0078_130385.jpg,131
07933_Barn_Swallow_0034_130099.jpg,130
07968_Barn_Swallow_0076_130757.jpg,56
07940_Barn_Swallow_0069_130368.jpg,163
07954_Barn_Swallow_0016_130678.jpg,26
07977_Barn_Swallow_0065_131555.jpg,51
07964_Barn_Swallow_0015_132757.jpg,36
08004_Cliff_Swallow_0028_132365.jpg,137
08045_Cliff_Swallow_0073_133116.jpg,109
08006_Cliff_Swallow_0108_133902.jpg,43
07993_Cliff_Swallow_0090_133144.jpg,88
08028_Cliff_Swallow_0093_133052.jpg,146
08000_Cliff_Swallow_0015_133176.jpg,65
08014_Cliff_Swallow_0075_134516.jpg,58
08037_Cliff_Swallow_0041_134111.jpg,12
08024_Cliff_Swallow_0054_133287.jpg,133
08064_Tree_Swallow_0049_134740.jpg,152
08105_Tree_Swallow_0073_134997.jpg,169
08066_Tree_Swallow_0103_137272.jpg,51
08053_Tree_Swallow_0030_134942.jpg,122
08088_Tree_Swallow_0091_136870.jpg,100
08060_Tree_Swallow_0067_136244.jpg,35
08074_Tree_Swallow_0064_136322.jpg,67
08097_Tree_Swallow_0110_136921.jpg,122
08084_Tree_Swallow_0115_135832.jpg,59
08124_Scarlet_Tanager_0012_138410.jpg,153
08165_Scarlet_Tanager_0003_137724.jpg,153
08126_Scarlet_Tanager_0087_137937.jpg,169
08113_Scarlet_Tanager_0110_138274.jpg,32
08148_Scarlet_Tanager_0065_138683.jpg,91
08120_Scarlet_Tanager_0120_138344.jpg,68
08134_Scarlet_Tanager_0039_138010.jpg,119
08157_Scarlet_Tanager_0076_137702.jpg,19
08144_Scarlet_Tanager_0095_137618.jpg,153
08184_Summer_Tanager_0080_140110.jpg,168
08225_Summer_Tanager_0093_139517.jpg,168
08186_Summer_Tanager_0023_139859.jpg,0
08173_Summer_Tanager_0052_139804.jpg,38
08208_Summer_Tanager_0046_139802.jpg,169
08180_Summer_Tanager_0025_139320.jpg,198
08194_Summer_Tanager_0095_139882.jpg,42
08217_Summer_Tanager_0030_139210.jpg,83
08204_Summer_Tanager_0017_140173.jpg,106
08248_Artic_Tern_0060_141955.jpg,42
08244_Artic_Tern_0036_142447.jpg,83
08283_Artic_Tern_0011_143355.jpg,142
08246_Artic_Tern_0102_141453.jpg,89
08233_Artic_Tern_0012_143410.jpg,59
08268_Artic_Tern_0082_142127.jpg,163
08240_Artic_Tern_0080_140889.jpg,104
08254_Artic_Tern_0117_143394.jpg,85
08277_Artic_Tern_0029_142220.jpg,42
08264_Artic_Tern_0101_141075.jpg,42
08302_Black_Tern_0061_143959.jpg,60
08343_Black_Tern_0010_144341.jpg,89
08304_Black_Tern_0008_143965.jpg,30
08291_Black_Tern_0013_143892.jpg,12
08326_Black_Tern_0033_144328.jpg,39
08298_Black_Tern_0014_143939.jpg,18
08312_Black_Tern_0079_143998.jpg,12
08335_Black_Tern_0055_144607.jpg,112
08322_Black_Tern_0066_144541.jpg,84
08362_Caspian_Tern_0111_145995.jpg,40
08403_Caspian_Tern_0023_147194.jpg,4
08364_Caspian_Tern_0119_145492.jpg,149
08351_Caspian_Tern_0069_145931.jpg,44
08386_Caspian_Tern_0106_147645.jpg,174
08358_Caspian_Tern_0105_145673.jpg,143
08372_Caspian_Tern_0108_145278.jpg,186
08395_Caspian_Tern_0058_145886.jpg,65
08382_Caspian_Tern_0012_147632.jpg,39
08422_Common_Tern_0094_148309.jpg,60
08463_Common_Tern_0012_148477.jpg,49
08424_Common_Tern_0027_150113.jpg,77
08411_Common_Tern_0043_147753.jpg,12
08446_Common_Tern_0051_150469.jpg,89
08418_Common_Tern_0063_147789.jpg,136
08432_Common_Tern_0097_148874.jpg,83
08455_Common_Tern_0014_149194.jpg,178
08442_Common_Tern_0042_147897.jpg,52
08482_Elegant_Tern_0063_150873.jpg,185
08523_Elegant_Tern_0068_150526.jpg,49
08484_Elegant_Tern_0047_150626.jpg,142
08471_Elegant_Tern_0064_150822.jpg,77
08506_Elegant_Tern_0101_150715.jpg,84
08478_Elegant_Tern_0089_150854.jpg,146
08492_Elegant_Tern_0067_151185.jpg,144
08515_Elegant_Tern_0061_150524.jpg,186
08502_Elegant_Tern_0009_150954.jpg,144
08542_Forsters_Tern_0032_151384.jpg,34
08583_Forsters_Tern_0060_152190.jpg,65
08544_Forsters_Tern_0104_152666.jpg,60
08531_Forsters_Tern_0043_151332.jpg,76
08566_Forsters_Tern_0069_151229.jpg,39
08538_Forsters_Tern_0049_151631.jpg,70
08552_Forsters_Tern_0082_151937.jpg,89
08575_Forsters_Tern_0003_151547.jpg,51
08562_Forsters_Tern_0066_151478.jpg,1
08602_Least_Tern_0062_153259.jpg,85
08643_Least_Tern_0038_153087.jpg,142
08604_Least_Tern_0028_153781.jpg,115
08591_Least_Tern_0025_153678.jpg,22
08626_Least_Tern_0020_153458.jpg,49
08598_Least_Tern_0088_152941.jpg,146
08612_Least_Tern_0114_153840.jpg,141
08635_Least_Tern_0052_154021.jpg,34
08622_Least_Tern_0035_152932.jpg,83
08662_Green_Tailed_Towhee_0024_154855.jpg,54
08703_Green_Tailed_Towhee_0066_797439.jpg,123
08664_Green_Tailed_Towhee_0079_154764.jpg,11
08651_Green_Tailed_Towhee_0050_154898.jpg,154
08686_Green_Tailed_Towhee_0037_797405.jpg,146
08658_Green_Tailed_Towhee_0072_154946.jpg,159
08672_Green_Tailed_Towhee_0053_154921.jpg,33
08695_Green_Tailed_Towhee_0015_797425.jpg,98
08682_Green_Tailed_Towhee_0017_797400.jpg,109
08726_Brown_Thrasher_0020_155223.jpg,163
08722_Brown_Thrasher_0080_155200.jpg,189
08762_Brown_Thrasher_0120_155133.jpg,120
08724_Brown_Thrasher_0019_155216.jpg,183
08711_Brown_Thrasher_0021_155160.jpg,153
08746_Brown_Thrasher_0072_155406.jpg,61
08718_Brown_Thrasher_0105_155187.jpg,78
08732_Brown_Thrasher_0093_155309.jpg,183
08755_Brown_Thrasher_0106_155083.jpg,176
08742_Brown_Thrasher_0011_155370.jpg,94
08781_Sage_Thrasher_0045_155448.jpg,186
08822_Sage_Thrasher_0026_155646.jpg,48
08783_Sage_Thrasher_0068_155452.jpg,84
08770_Sage_Thrasher_0095_796446.jpg,11
08805_Sage_Thrasher_0069_155544.jpg,22
08777_Sage_Thrasher_0062_796462.jpg,133
08791_Sage_Thrasher_0050_155475.jpg,186
08814_Sage_Thrasher_0103_155575.jpg,51
08801_Sage_Thrasher_0104_155529.jpg,105
08845_Black_Capped_Vireo_0029_797469.jpg,168
08841_Black_Capped_Vireo_0038_797465.jpg,98
08873_Black_Capped_Vireo_0019_797479.jpg,33
08843_Black_Capped_Vireo_0003_797467.jpg,19
08830_Black_Capped_Vireo_0041_797452.jpg,154
08865_Black_Capped_Vireo_0037_797495.jpg,183
08837_Black_Capped_Vireo_0020_797461.jpg,56
08851_Black_Capped_Vireo_0004_797476.jpg,168
08861_Black_Capped_Vireo_0006_797491.jpg,39
08892_Blue_Headed_Vireo_0028_156217.jpg,24
08933_Blue_Headed_Vireo_0039_156397.jpg,27
08894_Blue_Headed_Vireo_0068_156222.jpg,13
08881_Blue_Headed_Vireo_0020_155994.jpg,24
08916_Blue_Headed_Vireo_0019_156311.jpg,102
08888_Blue_Headed_Vireo_0008_155950.jpg,174
08902_Blue_Headed_Vireo_0055_156247.jpg,154
08925_Blue_Headed_Vireo_0098_156348.jpg,100
08912_Blue_Headed_Vireo_0097_156272.jpg,178
08956_Philadelphia_Vireo_0021_794765.jpg,74
08952_Philadelphia_Vireo_0083_794761.jpg,74
08992_Philadelphia_Vireo_0020_156663.jpg,33
08954_Philadelphia_Vireo_0068_794763.jpg,194
08941_Philadelphia_Vireo_0047_156521.jpg,36
08976_Philadelphia_Vireo_0023_794797.jpg,169
08948_Philadelphia_Vireo_0085_794757.jpg,163
08962_Philadelphia_Vireo_0003_156565.jpg,18
08985_Philadelphia_Vireo_0007_156617.jpg,101
08972_Philadelphia_Vireo_0043_794792.jpg,176
09011_Red_Eyed_Vireo_0023_156800.jpg,101
09052_Red_Eyed_Vireo_0126_157179.jpg,174
09013_Red_Eyed_Vireo_0020_156875.jpg,152
09000_Red_Eyed_Vireo_0003_157226.jpg,163
09035_Red_Eyed_Vireo_0006_157025.jpg,179
09007_Red_Eyed_Vireo_0123_156780.jpg,44
09021_Red_Eyed_Vireo_0038_156963.jpg,169
09044_Red_Eyed_Vireo_0075_158151.jpg,31
09031_Red_Eyed_Vireo_0115_157004.jpg,163
09071_Warbling_Vireo_0081_158344.jpg,71
09112_Warbling_Vireo_0007_158717.jpg,174
09073_Warbling_Vireo_0087_158355.jpg,74
09060_Warbling_Vireo_0067_158283.jpg,107
09095_Warbling_Vireo_0089_158519.jpg,7
09067_Warbling_Vireo_0073_158315.jpg,79
09081_Warbling_Vireo_0072_158422.jpg,38
09104_Warbling_Vireo_0022_158144.jpg,153
09091_Warbling_Vireo_0030_158488.jpg,176
09131_White_Eyed_Vireo_0078_159382.jpg,17
09172_White_Eyed_Vireo_0059_159225.jpg,166
09133_White_Eyed_Vireo_0134_158889.jpg,32
09120_White_Eyed_Vireo_0064_159286.jpg,153
09155_White_Eyed_Vireo_0130_159075.jpg,177
09127_White_Eyed_Vireo_0049_158835.jpg,122
09141_White_Eyed_Vireo_0026_158963.jpg,46
09164_White_Eyed_Vireo_0032_159145.jpg,99
09151_White_Eyed_Vireo_0022_159037.jpg,160
09195_Yellow_Throated_Vireo_0016_794981.jpg,153
09191_Yellow_Throated_Vireo_0073_159583.jpg,159
09231_Yellow_Throated_Vireo_0031_159712.jpg,62
09193_Yellow_Throated_Vireo_0012_794977.jpg,84
09180_Yellow_Throated_Vireo_0023_159584.jpg,38
09215_Yellow_Throated_Vireo_0002_159625.jpg,13
09187_Yellow_Throated_Vireo_0021_794971.jpg,45
09201_Yellow_Throated_Vireo_0027_794989.jpg,165
09224_Yellow_Throated_Vireo_0046_159668.jpg,74
09211_Yellow_Throated_Vireo_0028_795008.jpg,159
09250_Bay_Breasted_Warbler_0018_159897.jpg,12
09291_Bay_Breasted_Warbler_0089_797141.jpg,161
09252_Bay_Breasted_Warbler_0085_797107.jpg,163
09239_Bay_Breasted_Warbler_0032_797150.jpg,163
09274_Bay_Breasted_Warbler_0105_797143.jpg,18
09246_Bay_Breasted_Warbler_0019_159871.jpg,26
09260_Bay_Breasted_Warbler_0082_797121.jpg,36
09283_Bay_Breasted_Warbler_0078_797163.jpg,113
09270_Bay_Breasted_Warbler_0031_797137.jpg,168
09310_Black_And_White_Warbler_0091_160896.jpg,108
09351_Black_And_White_Warbler_0060_160764.jpg,151
09312_Black_And_White_Warbler_0061_160404.jpg,185
09299_Black_And_White_Warbler_0001_160352.jpg,148
09334_Black_And_White_Warbler_0085_160110.jpg,58
09306_Black_And_White_Warbler_0089_160370.jpg,171
09320_Black_And_White_Warbler_0114_160537.jpg,127
09343_Black_And_White_Warbler_0034_160695.jpg,84
09330_Black_And_White_Warbler_0032_160569.jpg,36
09374_Black_Throated_Blue_Warbler_0073_161558.jpg,83
09370_Black_Throated_Blue_Warbler_0009_161534.jpg,153
09410_Black_Throated_Blue_Warbler_0107_161214.jpg,178
09372_Black_Throated_Blue_Warbler_0123_161542.jpg,9
09359_Black_Throated_Blue_Warbler_0043_161438.jpg,17
09394_Black_Throated_Blue_Warbler_0053_161684.jpg,33
09366_Black_Throated_Blue_Warbler_0022_161520.jpg,55
09380_Black_Throated_Blue_Warbler_0072_161636.jpg,157
09403_Black_Throated_Blue_Warbler_0086_161716.jpg,187
09390_Black_Throated_Blue_Warbler_0076_161162.jpg,178
09429_Blue_Winged_Warbler_0034_161861.jpg,180
09470_Blue_Winged_Warbler_0094_161790.jpg,171
09431_Blue_Winged_Warbler_0042_161869.jpg,17
09418_Blue_Winged_Warbler_0026_161813.jpg,177
09453_Blue_Winged_Warbler_0045_161997.jpg,174
09425_Blue_Winged_Warbler_0036_161758.jpg,127
09439_Blue_Winged_Warbler_0060_161888.jpg,151
09462_Blue_Winged_Warbler_0089_162026.jpg,120
09449_Blue_Winged_Warbler_0072_161991.jpg,6
09489_Canada_Warbler_0020_162354.jpg,94
09530_Canada_Warbler_0032_162229.jpg,18
09491_Canada_Warbler_0007_162364.jpg,128
09478_Canada_Warbler_0048_162326.jpg,166
09513_Canada_Warbler_0120_162415.jpg,17
09485_Canada_Warbler_0009_162343.jpg,144
09499_Canada_Warbler_0085_162385.jpg,72
09522_Canada_Warbler_0047_162439.jpg,177
09509_Canada_Warbler_0037_162405.jpg,177
09549_Cape_May_Warbler_0015_163159.jpg,186
09590_Cape_May_Warbler_0084_163132.jpg,29
09551_Cape_May_Warbler_0049_162909.jpg,163
09538_Cape_May_Warbler_0113_163130.jpg,169
09573_Cape_May_Warbler_0095_162965.jpg,126
09545_Cape_May_Warbler_0088_163149.jpg,175
09559_Cape_May_Warbler_0028_163177.jpg,123
09582_Cape_May_Warbler_0066_163005.jpg,159
09569_Cape_May_Warbler_0062_162955.jpg,36
09609_Cerulean_Warbler_0047_797211.jpg,105
09650_Cerulean_Warbler_0018_797183.jpg,68
09611_Cerulean_Warbler_0007_797215.jpg,128
09598_Cerulean_Warbler_0053_797197.jpg,106
09633_Cerulean_Warbler_0057_163227.jpg,38
09605_Cerulean_Warbler_0063_797204.jpg,88
09619_Cerulean_Warbler_0054_797235.jpg,13
09642_Cerulean_Warbler_0076_163294.jpg,23
09629_Cerulean_Warbler_0072_163200.jpg,12
09669_Chestnut_Sided_Warbler_0090_163629.jpg,32
09710_Chestnut_Sided_Warbler_0126_164090.jpg,159
09671_Chestnut_Sided_Warbler_0104_163638.jpg,83
09658_Chestnut_Sided_Warbler_0046_163856.jpg,149
09693_Chestnut_Sided_Warbler_0013_163749.jpg,19
09665_Chestnut_Sided_Warbler_0121_164125.jpg,30
09679_Chestnut_Sided_Warbler_0101_164324.jpg,7
09702_Chestnut_Sided_Warbler_0083_164056.jpg,55
09689_Chestnut_Sided_Warbler_0058_163990.jpg,98
09733_Golden_Winged_Warbler_0052_164529.jpg,9
09729_Golden_Winged_Warbler_0012_164496.jpg,18
09769_Golden_Winged_Warbler_0013_794837.jpg,112
09731_Golden_Winged_Warbler_0061_164516.jpg,178
09718_Golden_Winged_Warbler_0042_164437.jpg,123
09753_Golden_Winged_Warbler_0044_794836.jpg,12
09725_Golden_Winged_Warbler_0003_164469.jpg,138
09739_Golden_Winged_Warbler_0087_794810.jpg,43
09762_Golden_Winged_Warbler_0054_794847.jpg,129
09749_Golden_Winged_Warbler_0078_794827.jpg,65
09788_Hooded_Warbler_0104_164982.jpg,42
09829_Hooded_Warbler_0085_164846.jpg,157
09790_Hooded_Warbler_0133_165016.jpg,175
09777_Hooded_Warbler_0030_164897.jpg,118
09812_Hooded_Warbler_0062_165199.jpg,153
09784_Hooded_Warbler_0070_164930.jpg,153
09798_Hooded_Warbler_0048_164622.jpg,199
09821_Hooded_Warbler_0090_164794.jpg,12
09808_Hooded_Warbler_0040_165173.jpg,173
09852_Kentucky_Warbler_0033_165271.jpg,79
09848_Kentucky_Warbler_0043_165240.jpg,153
09888_Kentucky_Warbler_0020_795903.jpg,177
09850_Kentucky_Warbler_0042_165268.jpg,99
09837_Kentucky_Warbler_0014_165336.jpg,159
09872_Kentucky_Warbler_0012_795875.jpg,15
09844_Kentucky_Warbler_0027_795917.jpg,153
09858_Kentucky_Warbler_0025_165304.jpg,163
09881_Kentucky_Warbler_0041_795888.jpg,199
09868_Kentucky_Warbler_0082_795869.jpg,30
09911_Magnolia_Warbler_0139_166081.jpg,153
09907_Magnolia_Warbler_0039_165532.jpg,169
09947_Magnolia_Warbler_0102_165884.jpg,100
09909_Magnolia_Warbler_0004_165535.jpg,49
09896_Magnolia_Warbler_0018_165958.jpg,30
09931_Magnolia_Warbler_0043_165774.jpg,169
09903_Magnolia_Warbler_0111_165478.jpg,13
09917_Magnolia_Warbler_0046_166150.jpg,13
09940_Magnolia_Warbler_0076_165832.jpg,1
09927_Magnolia_Warbler_0022_165693.jpg,25
09966_Mourning_Warbler_0029_166530.jpg,98
10007_Mourning_Warbler_0054_795387.jpg,168
09968_Mourning_Warbler_0015_166535.jpg,123
09955_Mourning_Warbler_0008_166467.jpg,177
09990_Mourning_Warbler_0060_795355.jpg,195
09962_Mourning_Warbler_0007_166500.jpg,32
09976_Mourning_Warbler_0077_166567.jpg,151
09999_Mourning_Warbler_0065_795374.jpg,172
09986_Mourning_Warbler_0053_795345.jpg,69
10026_Myrtle_Warbler_0102_166725.jpg,122
10067_Myrtle_Warbler_0007_166897.jpg,30
10028_Myrtle_Warbler_0054_166985.jpg,84
10015_Myrtle_Warbler_0101_166942.jpg,4
10050_Myrtle_Warbler_0067_166828.jpg,162
10022_Myrtle_Warbler_0045_166710.jpg,21
10036_Myrtle_Warbler_0084_166747.jpg,39
10059_Myrtle_Warbler_0030_166732.jpg,105
10046_Myrtle_Warbler_0073_166798.jpg,70
10086_Nashville_Warbler_0121_167078.jpg,177
10127_Nashville_Warbler_0075_167419.jpg,122
10088_Nashville_Warbler_0130_167101.jpg,159
10075_Nashville_Warbler_0128_166444.jpg,174
10110_Nashville_Warbler_0037_167280.jpg,106
10082_Nashville_Warbler_0086_167045.jpg,163
10096_Nashville_Warbler_0018_167191.jpg,165
10119_Nashville_Warbler_0060_167347.jpg,153
10106_Nashville_Warbler_0108_167259.jpg,34
10146_Orange_Crowned_Warbler_0111_168040.jpg,103
10187_Orange_Crowned_Warbler_0126_168445.jpg,28
10148_Orange_Crowned_Warbler_0042_167614.jpg,123
10135_Orange_Crowned_Warbler_0037_167687.jpg,95
10170_Orange_Crowned_Warbler_0001_167660.jpg,59
10142_Orange_Crowned_Warbler_0090_167607.jpg,12
10156_Orange_Crowned_Warbler_0120_167587.jpg,153
10179_Orange_Crowned_Warbler_0079_168372.jpg,146
10166_Orange_Crowned_Warbler_0028_167641.jpg,172
10206_Palm_Warbler_0046_169837.jpg,109
10247_Palm_Warbler_0134_168943.jpg,123
10208_Palm_Warbler_0028_169670.jpg,54
10195_Palm_Warbler_0002_169527.jpg,114
10230_Palm_Warbler_0012_170857.jpg,154
10202_Palm_Warbler_0133_169575.jpg,50
10216_Palm_Warbler_0068_170243.jpg,163
10239_Palm_Warbler_0005_169918.jpg,146
10226_Palm_Warbler_0116_170319.jpg,112
10266_Pine_Warbler_0060_171635.jpg,167
10307_Pine_Warbler_0101_171501.jpg,3
10268_Pine_Warbler_0133_171641.jpg,162
10255_Pine_Warbler_0032_172080.jpg,51
10290_Pine_Warbler_0008_171330.jpg,163
10262_Pine_Warbler_0106_171107.jpg,123
10276_Pine_Warbler_0097_171671.jpg,55
10299_Pine_Warbler_0113_172456.jpg,189
10286_Pine_Warbler_0122_171274.jpg,172
10326_Prairie_Warbler_0104_172615.jpg,37
10367_Prairie_Warbler_0014_172542.jpg,69
10328_Prairie_Warbler_0002_172622.jpg,21
10315_Prairie_Warbler_0007_173081.jpg,118
10350_Prairie_Warbler_0031_172818.jpg,30
10322_Prairie_Warbler_0123_172603.jpg,130
10336_Prairie_Warbler_0080_172724.jpg,89
10359_Prairie_Warbler_0126_172931.jpg,22
10346_Prairie_Warbler_0106_173071.jpg,78
10386_Prothonotary_Warbler_0090_174183.jpg,18
10427_Prothonotary_Warbler_0031_174578.jpg,17
10388_Prothonotary_Warbler_0124_173686.jpg,159
10375_Prothonotary_Warbler_0063_173830.jpg,68
10410_Prothonotary_Warbler_0037_173418.jpg,83
10382_Prothonotary_Warbler_0108_174125.jpg,37
10396_Prothonotary_Warbler_0057_173865.jpg,186
10419_Prothonotary_Warbler_0040_173447.jpg,179
10406_Prothonotary_Warbler_0098_173913.jpg,183
10446_Swainson_Warbler_0051_794900.jpg,33
10483_Swainson_Warbler_0023_174717.jpg,38
10448_Swainson_Warbler_0007_174745.jpg,163
10435_Swainson_Warbler_0048_794887.jpg,105
10470_Swainson_Warbler_0030_794864.jpg,12
10442_Swainson_Warbler_0042_794895.jpg,67
10456_Swainson_Warbler_0053_174678.jpg,96
10479_Swainson_Warbler_0004_794874.jpg,4
10466_Swainson_Warbler_0039_794859.jpg,158
10506_Tennessee_Warbler_0025_174973.jpg,68
10502_Tennessee_Warbler_0062_174949.jpg,125
10542_Tennessee_Warbler_0015_174847.jpg,177
10504_Tennessee_Warbler_0085_156530.jpg,188
10491_Tennessee_Warbler_0084_174891.jpg,112
10526_Tennessee_Warbler_0019_174786.jpg,20
10498_Tennessee_Warbler_0045_174913.jpg,12
10512_Tennessee_Warbler_0067_174999.jpg,127
10535_Tennessee_Warbler_0076_174807.jpg,154
10522_Tennessee_Warbler_0081_174771.jpg,17
10561_Wilson_Warbler_0129_175256.jpg,42
10602_Wilson_Warbler_0132_175600.jpg,163
10563_Wilson_Warbler_0080_175770.jpg,32
10550_Wilson_Warbler_0070_175169.jpg,163
10585_Wilson_Warbler_0060_175420.jpg,37
10557_Wilson_Warbler_0075_175234.jpg,168
10571_Wilson_Warbler_0054_175285.jpg,12
10594_Wilson_Warbler_0016_175532.jpg,96
10581_Wilson_Warbler_0134_175374.jpg,163
10625_Worm_Eating_Warbler_0002_795533.jpg,169
10621_Worm_Eating_Warbler_0090_795523.jpg,105
10661_Worm_Eating_Warbler_0039_176120.jpg,122
10623_Worm_Eating_Warbler_0016_795528.jpg,12
10610_Worm_Eating_Warbler_0046_176053.jpg,69
10645_Worm_Eating_Warbler_0015_795570.jpg,164
10617_Worm_Eating_Warbler_0012_795515.jpg,157
10631_Worm_Eating_Warbler_0056_795547.jpg,149
10654_Worm_Eating_Warbler_0053_176079.jpg,138
10641_Worm_Eating_Warbler_0014_176042.jpg,185
10680_Yellow_Warbler_0114_176201.jpg,94
10721_Yellow_Warbler_0106_176383.jpg,31
10682_Yellow_Warbler_0034_176204.jpg,42
10669_Yellow_Warbler_0014_176414.jpg,12
10704_Yellow_Warbler_0096_176586.jpg,84
10676_Yellow_Warbler_0039_176444.jpg,79
10690_Yellow_Warbler_0030_176236.jpg,13
10713_Yellow_Warbler_0105_176849.jpg,177
10700_Yellow_Warbler_0104_176541.jpg,89
10740_Northern_Waterthrush_0082_177243.jpg,29
10781_Northern_Waterthrush_0020_177149.jpg,90
10742_Northern_Waterthrush_0023_177002.jpg,53
10729_Northern_Waterthrush_0021_177187.jpg,13
10764_Northern_Waterthrush_0009_177078.jpg,104
10736_Northern_Waterthrush_0081_176972.jpg,144
10750_Northern_Waterthrush_0090_177283.jpg,168
10773_Northern_Waterthrush_0098_177116.jpg,179
10760_Northern_Waterthrush_0043_177070.jpg,18
10800_Louisiana_Waterthrush_0049_795244.jpg,54
10841_Louisiana_Waterthrush_0025_177403.jpg,36
10802_Louisiana_Waterthrush_0091_795246.jpg,104
10789_Louisiana_Waterthrush_0035_177457.jpg,169
10824_Louisiana_Waterthrush_0055_795280.jpg,177
10796_Louisiana_Waterthrush_0014_795238.jpg,83
10810_Louisiana_Waterthrush_0076_795257.jpg,6
10833_Louisiana_Waterthrush_0052_177519.jpg,92
10820_Louisiana_Waterthrush_0001_795271.jpg,11
10860_Bohemian_Waxwing_0099_177747.jpg,23
10901_Bohemian_Waxwing_0114_177621.jpg,7
10862_Bohemian_Waxwing_0101_796653.jpg,83
10849_Bohemian_Waxwing_0019_177684.jpg,194
10884_Bohemian_Waxwing_0031_796633.jpg,71
10856_Bohemian_Waxwing_0037_796638.jpg,33
10870_Bohemian_Waxwing_0092_796666.jpg,85
10893_Bohemian_Waxwing_0028_796647.jpg,71
10880_Bohemian_Waxwing_0021_796625.jpg,84
10920_Cedar_Waxwing_0013_178830.jpg,161
10961_Cedar_Waxwing_0037_179710.jpg,1
10922_Cedar_Waxwing_0069_179310.jpg,48
10909_Cedar_Waxwing_0076_178732.jpg,122
10944_Cedar_Waxwing_0003_178570.jpg,163
10916_Cedar_Waxwing_0058_178795.jpg,165
10930_Cedar_Waxwing_0051_178385.jpg,24
10953_Cedar_Waxwing_0093_178139.jpg,89
10940_Cedar_Waxwing_0103_179559.jpg,60
10980_American_Three_Toed_Woodpecker_0013_179833.jpg,13
11011_American_Three_Toed_Woodpecker_0035_796158.jpg,186
10982_American_Three_Toed_Woodpecker_0002_179885.jpg,184
10969_American_Three_Toed_Woodpecker_0031_796172.jpg,187
11004_American_Three_Toed_Woodpecker_0045_796148.jpg,13
10976_American_Three_Toed_Woodpecker_0019_179870.jpg,62
10990_American_Three_Toed_Woodpecker_0023_179909.jpg,186
11000_American_Three_Toed_Woodpecker_0029_796143.jpg,89
11030_Pileated_Woodpecker_0077_180286.jpg,155
11071_Pileated_Woodpecker_0051_179965.jpg,119
11032_Pileated_Woodpecker_0067_179979.jpg,114
11019_Pileated_Woodpecker_0105_180246.jpg,89
11054_Pileated_Woodpecker_0008_180400.jpg,52
11026_Pileated_Woodpecker_0082_180523.jpg,39
11040_Pileated_Woodpecker_0123_180076.jpg,33
11063_Pileated_Woodpecker_0106_180446.jpg,160
11050_Pileated_Woodpecker_0079_180388.jpg,61
11090_Red_Bellied_Woodpecker_0026_180783.jpg,183
11131_Red_Bellied_Woodpecker_0123_182116.jpg,159
11092_Red_Bellied_Woodpecker_0077_182334.jpg,7
11079_Red_Bellied_Woodpecker_0025_180756.jpg,71
11114_Red_Bellied_Woodpecker_0054_182031.jpg,105
11086_Red_Bellied_Woodpecker_0010_180772.jpg,73
11100_Red_Bellied_Woodpecker_0044_181122.jpg,113
11123_Red_Bellied_Woodpecker_0095_180948.jpg,177
11110_Red_Bellied_Woodpecker_0089_181907.jpg,13
11154_Red_Cockaded_Woodpecker_0012_794697.jpg,27
11150_Red_Cockaded_Woodpecker_0051_182347.jpg,191
11189_Red_Cockaded_Woodpecker_0063_794726.jpg,106
11152_Red_Cockaded_Woodpecker_0003_794695.jpg,186
11139_Red_Cockaded_Woodpecker_0020_182683.jpg,148
11174_Red_Cockaded_Woodpecker_0029_794724.jpg,33
11146_Red_Cockaded_Woodpecker_0015_182459.jpg,84
11160_Red_Cockaded_Woodpecker_0053_794707.jpg,12
11183_Red_Cockaded_Woodpecker_0039_794736.jpg,113
11170_Red_Cockaded_Woodpecker_0034_794720.jpg,88
11208_Red_Headed_Woodpecker_0006_183383.jpg,55
11249_Red_Headed_Woodpecker_0107_183290.jpg,121
11210_Red_Headed_Woodpecker_0071_183132.jpg,105
11197_Red_Headed_Woodpecker_0034_182806.jpg,39
11232_Red_Headed_Woodpecker_0013_182721.jpg,147
11204_Red_Headed_Woodpecker_0031_183096.jpg,60
11218_Red_Headed_Woodpecker_0103_183571.jpg,160
11241_Red_Headed_Woodpecker_0084_183004.jpg,134
11228_Red_Headed_Woodpecker_0020_183255.jpg,60
11268_Downy_Woodpecker_0003_183933.jpg,59
11309_Downy_Woodpecker_0043_184314.jpg,143
11270_Downy_Woodpecker_0027_183940.jpg,123
11257_Downy_Woodpecker_0059_184396.jpg,55
11292_Downy_Woodpecker_0005_184098.jpg,15
11264_Downy_Woodpecker_0073_184430.jpg,119
11278_Downy_Woodpecker_0058_184520.jpg,188
11301_Downy_Woodpecker_0048_184164.jpg,83
11288_Downy_Woodpecker_0098_184567.jpg,136
11328_Bewick_Wren_0025_184932.jpg,55
11369_Bewick_Wren_0049_185339.jpg,42
11330_Bewick_Wren_0112_184956.jpg,119
11317_Bewick_Wren_0023_185400.jpg,27
11352_Bewick_Wren_0005_184699.jpg,97
11324_Bewick_Wren_0107_184908.jpg,163
11338_Bewick_Wren_0073_185049.jpg,4
11361_Bewick_Wren_0127_184756.jpg,144
11348_Bewick_Wren_0118_185169.jpg,165
11388_Cactus_Wren_0116_185927.jpg,111
11429_Cactus_Wren_0123_186068.jpg,85
11390_Cactus_Wren_0041_185691.jpg,84
11377_Cactus_Wren_0095_185633.jpg,186
11412_Cactus_Wren_0069_186033.jpg,127
11384_Cactus_Wren_0102_185902.jpg,34
11398_Cactus_Wren_0014_185993.jpg,77
11421_Cactus_Wren_0034_185817.jpg,95
11408_Cactus_Wren_0020_186012.jpg,98
11448_Carolina_Wren_0014_186525.jpg,38
11489_Carolina_Wren_0122_186365.jpg,25
11450_Carolina_Wren_0019_186527.jpg,191
11437_Carolina_Wren_0082_186421.jpg,98
11472_Carolina_Wren_0069_186230.jpg,55
11444_Carolina_Wren_0125_187009.jpg,180
11458_Carolina_Wren_0108_186089.jpg,127
11481_Carolina_Wren_0068_186830.jpg,169
11468_Carolina_Wren_0020_186702.jpg,177
11512_House_Wren_0116_187604.jpg,12
11508_House_Wren_0011_187547.jpg,169
11548_House_Wren_0072_187899.jpg,149
11510_House_Wren_0063_188076.jpg,165
11497_House_Wren_0103_187466.jpg,23
11532_House_Wren_0094_187226.jpg,112
11504_House_Wren_0057_187157.jpg,176
11518_House_Wren_0130_187109.jpg,163
11541_House_Wren_0017_187330.jpg,169
11528_House_Wren_0062_187194.jpg,4
11567_Marsh_Wren_0071_188111.jpg,51
11608_Marsh_Wren_0119_188404.jpg,22
11569_Marsh_Wren_0006_188126.jpg,162
11556_Marsh_Wren_0118_188512.jpg,171
11591_Marsh_Wren_0012_188275.jpg,159
11563_Marsh_Wren_0099_188579.jpg,70
11577_Marsh_Wren_0145_188193.jpg,12
11600_Marsh_Wren_0015_188852.jpg,177
11587_Marsh_Wren_0051_188260.jpg,137
11627_Rock_Wren_0087_188988.jpg,42
11668_Rock_Wren_0033_189397.jpg,98
11629_Rock_Wren_0035_188998.jpg,154
11616_Rock_Wren_0113_189204.jpg,77
11651_Rock_Wren_0053_189112.jpg,191
11623_Rock_Wren_0019_188968.jpg,123
11637_Rock_Wren_0066_189034.jpg,107
11660_Rock_Wren_0045_189153.jpg,106
11647_Rock_Wren_0080_189340.jpg,106
11687_Winter_Wren_0063_189543.jpg,12
11728_Winter_Wren_0118_189805.jpg,69
11689_Winter_Wren_0082_189549.jpg,33
11676_Winter_Wren_0056_189508.jpg,59
11711_Winter_Wren_0048_189683.jpg,19
11683_Winter_Wren_0073_190044.jpg,168
11697_Winter_Wren_0131_190061.jpg,187
11720_Winter_Wren_0003_189838.jpg,88
11707_Winter_Wren_0141_190152.jpg,163
11747_Common_Yellowthroat_0045_190563.jpg,122
11788_Common_Yellowthroat_0055_190967.jpg,8
11749_Common_Yellowthroat_0111_190569.jpg,67
11736_Common_Yellowthroat_0003_190521.jpg,168
11771_Common_Yellowthroat_0021_190655.jpg,109
11743_Common_Yellowthroat_0106_190989.jpg,161
11757_Common_Yellowthroat_0059_190584.jpg,30
11780_Common_Yellowthroat_0040_190427.jpg,32
11767_Common_Yellowthroat_0075_190900.jpg,195
